,ID,task_1,task_2,task_3
0,C://Users//Sahan//ipthw//dermatologist-ai//data//test//melanoma\ISIC_0012258.jpg,0.5451440811157227,0.15970398485660553,10.318549156188965
1,C://Users//Sahan//ipthw//dermatologist-ai//data//test//melanoma\ISIC_0012356.jpg,2.5630316734313965,0.1718822866678238,2.087242841720581
2,C://Users//Sahan//ipthw//dermatologist-ai//data//test//melanoma\ISIC_0012369.jpg,8.796088218688965,0.20613330602645874,0.515907347202301
3,C://Users//Sahan//ipthw//dermatologist-ai//data//test//melanoma\ISIC_0012395.jpg,5.2402663230896,0.12692956626415253,1.3740962743759155
4,C://Users//Sahan//ipthw//dermatologist-ai//data//test//melanoma\ISIC_0012425.jpg,1.1417441368103027,0.16899526119232178,4.712733268737793
5,C://Users//Sahan//ipthw//dermatologist-ai//data//test//melanoma\ISIC_0012758.jpg,0.6144265532493591,0.1471160650253296,9.915621757507324
6,C://Users//Sahan//ipthw//dermatologist-ai//data//test//melanoma\ISIC_0012989.jpg,1.8823550939559937,0.18739934265613556,2.608098030090332
7,C://Users//Sahan//ipthw//dermatologist-ai//data//test//melanoma\ISIC_0013072.jpg,1.192615270614624,0.161430224776268,4.71581506729126
8,C://Users//Sahan//ipthw//dermatologist-ai//data//test//melanoma\ISIC_0013073.jpg,4.654726505279541,0.1717156320810318,1.1586476564407349
9,C://Users//Sahan//ipthw//dermatologist-ai//data//test//melanoma\ISIC_0013242.jpg,25.473596572875977,0.09496993571519852,0.3799946904182434
10,C://Users//Sahan//ipthw//dermatologist-ai//data//test//melanoma\ISIC_0013277.jpg,22.871461868286133,0.1056290790438652,0.3806505501270294
11,C://Users//Sahan//ipthw//dermatologist-ai//data//test//melanoma\ISIC_0013321.jpg,6.745233058929443,0.16717685759067535,0.8240522742271423
12,C://Users//Sahan//ipthw//dermatologist-ai//data//test//melanoma\ISIC_0013374.jpg,1.327862024307251,0.15444090962409973,4.423968315124512
13,C://Users//Sahan//ipthw//dermatologist-ai//data//test//melanoma\ISIC_0013411.jpg,12.601407051086426,0.12949621677398682,0.5662940144538879
14,C://Users//Sahan//ipthw//dermatologist-ai//data//test//melanoma\ISIC_0013414.jpg,0.6071853041648865,0.10842535644769669,13.38574504852295
15,C://Users//Sahan//ipthw//dermatologist-ai//data//test//melanoma\ISIC_0013455.jpg,12.634444236755371,0.09105461835861206,0.790523111820221
16,C://Users//Sahan//ipthw//dermatologist-ai//data//test//melanoma\ISIC_0013457.jpg,4.6059980392456055,0.11879235506057739,1.6623315811157227
17,C://Users//Sahan//ipthw//dermatologist-ai//data//test//melanoma\ISIC_0013459.jpg,0.3988446891307831,0.08339687436819077,26.023408889770508
18,C://Users//Sahan//ipthw//dermatologist-ai//data//test//melanoma\ISIC_0013472.jpg,0.8843598365783691,0.16885392367839813,6.069086074829102
19,C://Users//Sahan//ipthw//dermatologist-ai//data//test//melanoma\ISIC_0013473.jpg,39.5638313293457,0.07637657970190048,0.3024977147579193
20,C://Users//Sahan//ipthw//dermatologist-ai//data//test//melanoma\ISIC_0013565.jpg,1.4624158143997192,0.18015159666538239,3.4739856719970703
21,C://Users//Sahan//ipthw//dermatologist-ai//data//test//melanoma\ISIC_0013577.jpg,0.9770994782447815,0.17500467598438263,5.3128743171691895
22,C://Users//Sahan//ipthw//dermatologist-ai//data//test//melanoma\ISIC_0013588.jpg,8.486673355102539,0.1533012092113495,0.7133045196533203
23,C://Users//Sahan//ipthw//dermatologist-ai//data//test//melanoma\ISIC_0013615.jpg,11.854443550109863,0.13709333539009094,0.5702841281890869
24,C://Users//Sahan//ipthw//dermatologist-ai//data//test//melanoma\ISIC_0013617.jpg,0.5633447170257568,0.13522493839263916,11.6961669921875
25,C://Users//Sahan//ipthw//dermatologist-ai//data//test//melanoma\ISIC_0013636.jpg,5.010058403015137,0.16724058985710144,1.1043750047683716
26,C://Users//Sahan//ipthw//dermatologist-ai//data//test//melanoma\ISIC_0013678.jpg,44.21796417236328,0.07001398503780365,0.2940468192100525
27,C://Users//Sahan//ipthw//dermatologist-ai//data//test//melanoma\ISIC_0013696.jpg,0.6047191619873047,0.12483366578817368,11.775019645690918
28,C://Users//Sahan//ipthw//dermatologist-ai//data//test//melanoma\ISIC_0013733.jpg,2.042875289916992,0.16679522395133972,2.6865177154541016
29,C://Users//Sahan//ipthw//dermatologist-ai//data//test//melanoma\ISIC_0013739.jpg,0.45327797532081604,0.12010321021080017,16.228200912475586
30,C://Users//Sahan//ipthw//dermatologist-ai//data//test//melanoma\ISIC_0013766.jpg,1.1948933601379395,0.15371045470237732,4.928922653198242
31,C://Users//Sahan//ipthw//dermatologist-ai//data//test//melanoma\ISIC_0013767.jpg,2.896148681640625,0.1564456969499588,2.023193836212158
32,C://Users//Sahan//ipthw//dermatologist-ai//data//test//melanoma\ISIC_0013813.jpg,3.521864414215088,0.2568809986114502,1.0372192859649658
33,C://Users//Sahan//ipthw//dermatologist-ai//data//test//melanoma\ISIC_0013814.jpg,3.2389731407165527,0.1932116001844406,1.482077717781067
34,C://Users//Sahan//ipthw//dermatologist-ai//data//test//melanoma\ISIC_0013833.jpg,165.9929962158203,0.030061056837439537,0.17847047746181488
35,C://Users//Sahan//ipthw//dermatologist-ai//data//test//melanoma\ISIC_0013842.jpg,0.5259074568748474,0.13232332468032837,12.78596305847168
36,C://Users//Sahan//ipthw//dermatologist-ai//data//test//melanoma\ISIC_0013867.jpg,0.948308527469635,0.1743483543395996,5.496560096740723
37,C://Users//Sahan//ipthw//dermatologist-ai//data//test//melanoma\ISIC_0013908.jpg,8.703581809997559,0.22951152920722961,0.46645957231521606
38,C://Users//Sahan//ipthw//dermatologist-ai//data//test//melanoma\ISIC_0013917.jpg,1.710909128189087,0.2214093953371048,2.4347176551818848
39,C://Users//Sahan//ipthw//dermatologist-ai//data//test//melanoma\ISIC_0013925.jpg,8.35347843170166,0.11147377640008926,0.9810252785682678
40,C://Users//Sahan//ipthw//dermatologist-ai//data//test//melanoma\ISIC_0013948.jpg,1.9170106649398804,0.15478132665157318,3.071190357208252
41,C://Users//Sahan//ipthw//dermatologist-ai//data//test//melanoma\ISIC_0013953.jpg,0.7378934025764465,0.10353442281484604,11.553669929504395
42,C://Users//Sahan//ipthw//dermatologist-ai//data//test//melanoma\ISIC_0013987.jpg,1.7783138751983643,0.16395947337150574,3.131441354751587
43,C://Users//Sahan//ipthw//dermatologist-ai//data//test//melanoma\ISIC_0013988.jpg,7.868469715118408,0.14093056321144104,0.8327344655990601
44,C://Users//Sahan//ipthw//dermatologist-ai//data//test//melanoma\ISIC_0014027.jpg,10.136404037475586,0.16904762387275696,0.5444027781486511
45,C://Users//Sahan//ipthw//dermatologist-ai//data//test//melanoma\ISIC_0014059.jpg,0.6103820204734802,0.11483678221702576,12.632721900939941
46,C://Users//Sahan//ipthw//dermatologist-ai//data//test//melanoma\ISIC_0014077.jpg,16.388973236083984,0.11003627628087997,0.5105148553848267
47,C://Users//Sahan//ipthw//dermatologist-ai//data//test//melanoma\ISIC_0014103.jpg,1.932293176651001,0.194537952542305,2.4497485160827637
48,C://Users//Sahan//ipthw//dermatologist-ai//data//test//melanoma\ISIC_0014110.jpg,1.2259851694107056,0.13964931666851044,5.264107704162598
49,C://Users//Sahan//ipthw//dermatologist-ai//data//test//melanoma\ISIC_0014129.jpg,3.914297342300415,0.1564398556947708,1.502327799797058
50,C://Users//Sahan//ipthw//dermatologist-ai//data//test//melanoma\ISIC_0014148.jpg,2.8962604999542236,0.21901746094226837,1.466775894165039
51,C://Users//Sahan//ipthw//dermatologist-ai//data//test//melanoma\ISIC_0014160.jpg,1.746474027633667,0.17172890901565552,3.0507888793945312
52,C://Users//Sahan//ipthw//dermatologist-ai//data//test//melanoma\ISIC_0014181.jpg,9.758660316467285,0.14440828561782837,0.6576747298240662
53,C://Users//Sahan//ipthw//dermatologist-ai//data//test//melanoma\ISIC_0014186.jpg,1.3716107606887817,0.2215484082698822,3.0355358123779297
54,C://Users//Sahan//ipthw//dermatologist-ai//data//test//melanoma\ISIC_0014219.jpg,1.3824313879013062,0.19570261240005493,3.3914923667907715
55,C://Users//Sahan//ipthw//dermatologist-ai//data//test//melanoma\ISIC_0014221.jpg,9.850273132324219,0.155692920088768,0.606006920337677
56,C://Users//Sahan//ipthw//dermatologist-ai//data//test//melanoma\ISIC_0014233.jpg,8.069366455078125,0.2000088095664978,0.5769862532615662
57,C://Users//Sahan//ipthw//dermatologist-ai//data//test//melanoma\ISIC_0014255.jpg,2.410325765609741,0.2156732827425003,1.7851195335388184
58,C://Users//Sahan//ipthw//dermatologist-ai//data//test//melanoma\ISIC_0014270.jpg,0.6425943970680237,0.16095775365829468,8.706607818603516
59,C://Users//Sahan//ipthw//dermatologist-ai//data//test//melanoma\ISIC_0014284.jpg,9.027318954467773,0.16581502556800842,0.6227844953536987
60,C://Users//Sahan//ipthw//dermatologist-ai//data//test//melanoma\ISIC_0014288.jpg,0.5570870637893677,0.16274121403694153,9.91991138458252
61,C://Users//Sahan//ipthw//dermatologist-ai//data//test//melanoma\ISIC_0014319.jpg,8.203646659851074,0.26106470823287964,0.4336264133453369
62,C://Users//Sahan//ipthw//dermatologist-ai//data//test//melanoma\ISIC_0014336.jpg,5.607507228851318,0.2507326006889343,0.6676925420761108
63,C://Users//Sahan//ipthw//dermatologist-ai//data//test//melanoma\ISIC_0014349.jpg,13.071154594421387,0.13324205577373505,0.5322585701942444
64,C://Users//Sahan//ipthw//dermatologist-ai//data//test//melanoma\ISIC_0014369.jpg,7.364840030670166,0.1270485520362854,0.9798488020896912
65,C://Users//Sahan//ipthw//dermatologist-ai//data//test//melanoma\ISIC_0014423.jpg,0.8853381276130676,0.17596806585788727,5.829389572143555
66,C://Users//Sahan//ipthw//dermatologist-ai//data//test//melanoma\ISIC_0014434.jpg,1.8522708415985107,0.1810881495475769,2.7354462146759033
67,C://Users//Sahan//ipthw//dermatologist-ai//data//test//melanoma\ISIC_0014454.jpg,0.46871450543403625,0.12090408802032471,15.602331161499023
68,C://Users//Sahan//ipthw//dermatologist-ai//data//test//melanoma\ISIC_0014478.jpg,25.92820167541504,0.09938129037618637,0.3576159179210663
69,C://Users//Sahan//ipthw//dermatologist-ai//data//test//melanoma\ISIC_0014489.jpg,0.4376221299171448,0.10555219650268555,18.996986389160156
70,C://Users//Sahan//ipthw//dermatologist-ai//data//test//melanoma\ISIC_0014506.jpg,20.893577575683594,0.11291541159152985,0.3919588625431061
71,C://Users//Sahan//ipthw//dermatologist-ai//data//test//melanoma\ISIC_0014513.jpg,1.4586877822875977,0.17114651203155518,3.655701160430908
72,C://Users//Sahan//ipthw//dermatologist-ai//data//test//melanoma\ISIC_0014541.jpg,2.373086452484131,0.15379361808300018,2.5028531551361084
73,C://Users//Sahan//ipthw//dermatologist-ai//data//test//melanoma\ISIC_0014542.jpg,27.627552032470703,0.09683249890804291,0.34417662024497986
74,C://Users//Sahan//ipthw//dermatologist-ai//data//test//melanoma\ISIC_0014546.jpg,3.0841081142425537,0.22686073184013367,1.3354822397232056
75,C://Users//Sahan//ipthw//dermatologist-ai//data//test//melanoma\ISIC_0014548.jpg,3.5513436794281006,0.21062135696411133,1.246527075767517
76,C://Users//Sahan//ipthw//dermatologist-ai//data//test//melanoma\ISIC_0014559.jpg,6.2691755294799805,0.1465909779071808,1.0036921501159668
77,C://Users//Sahan//ipthw//dermatologist-ai//data//test//melanoma\ISIC_0014663.jpg,158.38497924804688,0.026925403624773026,0.20759423077106476
78,C://Users//Sahan//ipthw//dermatologist-ai//data//test//melanoma\ISIC_0014666.jpg,36.39583969116211,0.056100718677043915,0.43991541862487793
79,C://Users//Sahan//ipthw//dermatologist-ai//data//test//melanoma\ISIC_0014695.jpg,1.7692384719848633,0.08600182086229324,5.811014175415039
80,C://Users//Sahan//ipthw//dermatologist-ai//data//test//melanoma\ISIC_0014703.jpg,7.555528163909912,0.1114838495850563,1.0825440883636475
81,C://Users//Sahan//ipthw//dermatologist-ai//data//test//melanoma\ISIC_0014727.jpg,14.377944946289062,0.08513076603412628,0.7416785955429077
82,C://Users//Sahan//ipthw//dermatologist-ai//data//test//melanoma\ISIC_0014766.jpg,18.1259708404541,0.07728220522403717,0.6468626856803894
83,C://Users//Sahan//ipthw//dermatologist-ai//data//test//melanoma\ISIC_0014772.jpg,60.55819320678711,0.043698232620954514,0.33827295899391174
84,C://Users//Sahan//ipthw//dermatologist-ai//data//test//melanoma\ISIC_0014784.jpg,170.81883239746094,0.029343802481889725,0.1770995408296585
85,C://Users//Sahan//ipthw//dermatologist-ai//data//test//melanoma\ISIC_0014790.jpg,1747.3782958984375,0.010455815121531487,0.045232705771923065
86,C://Users//Sahan//ipthw//dermatologist-ai//data//test//melanoma\ISIC_0014800.jpg,16.636157989501953,0.05783660337328911,0.9274870157241821
87,C://Users//Sahan//ipthw//dermatologist-ai//data//test//melanoma\ISIC_0014826.jpg,7.041958332061768,0.1169896051287651,1.1090928316116333
88,C://Users//Sahan//ipthw//dermatologist-ai//data//test//melanoma\ISIC_0014862.jpg,1.131021499633789,0.12630049884319305,6.27378511428833
89,C://Users//Sahan//ipthw//dermatologist-ai//data//test//melanoma\ISIC_0014872.jpg,1.281335473060608,0.14641423523426056,4.818787097930908
90,C://Users//Sahan//ipthw//dermatologist-ai//data//test//melanoma\ISIC_0014883.jpg,23.387916564941406,0.05243217945098877,0.7244254350662231
91,C://Users//Sahan//ipthw//dermatologist-ai//data//test//melanoma\ISIC_0014912.jpg,26.89715576171875,0.0559387244284153,0.5959134101867676
92,C://Users//Sahan//ipthw//dermatologist-ai//data//test//melanoma\ISIC_0014928.jpg,0.7963330745697021,0.0799461305141449,13.679983139038086
93,C://Users//Sahan//ipthw//dermatologist-ai//data//test//melanoma\ISIC_0014932.jpg,12.054859161376953,0.07033783942461014,1.055013656616211
94,C://Users//Sahan//ipthw//dermatologist-ai//data//test//melanoma\ISIC_0014963.jpg,61.571475982666016,0.06555813550949097,0.22248545289039612
95,C://Users//Sahan//ipthw//dermatologist-ai//data//test//melanoma\ISIC_0014982.jpg,6.826023578643799,0.09653875231742859,1.3729095458984375
96,C://Users//Sahan//ipthw//dermatologist-ai//data//test//melanoma\ISIC_0015004.jpg,9.938156127929688,0.10130592435598373,0.9051929712295532
97,C://Users//Sahan//ipthw//dermatologist-ai//data//test//melanoma\ISIC_0015041.jpg,3.4845969676971436,0.09393753856420517,2.735572576522827
98,C://Users//Sahan//ipthw//dermatologist-ai//data//test//melanoma\ISIC_0015046.jpg,52.414859771728516,0.07208283990621567,0.23892121016979218
99,C://Users//Sahan//ipthw//dermatologist-ai//data//test//melanoma\ISIC_0015050.jpg,0.3934304416179657,0.07927800714969635,27.674379348754883
100,C://Users//Sahan//ipthw//dermatologist-ai//data//test//melanoma\ISIC_0015071.jpg,4.456975936889648,0.1266975849866867,1.6151686906814575
101,C://Users//Sahan//ipthw//dermatologist-ai//data//test//melanoma\ISIC_0015115.jpg,9.8147554397583,0.07865492254495621,1.165854811668396
102,C://Users//Sahan//ipthw//dermatologist-ai//data//test//melanoma\ISIC_0015119.jpg,13.708434104919434,0.09361333400011063,0.709273636341095
103,C://Users//Sahan//ipthw//dermatologist-ai//data//test//melanoma\ISIC_0015127.jpg,1.0763051509857178,0.08777964115142822,9.302433967590332
104,C://Users//Sahan//ipthw//dermatologist-ai//data//test//melanoma\ISIC_0015132.jpg,47.016357421875,0.0467851422727108,0.4054616391658783
105,C://Users//Sahan//ipthw//dermatologist-ai//data//test//melanoma\ISIC_0015133.jpg,69.76922607421875,0.060163941234350204,0.21355606615543365
106,C://Users//Sahan//ipthw//dermatologist-ai//data//test//melanoma\ISIC_0015136.jpg,39.47187423706055,0.042279865592718124,0.5309501886367798
107,C://Users//Sahan//ipthw//dermatologist-ai//data//test//melanoma\ISIC_0015142.jpg,22.569841384887695,0.06959963589906693,0.5754666924476624
108,C://Users//Sahan//ipthw//dermatologist-ai//data//test//melanoma\ISIC_0015156.jpg,4.899837017059326,0.07561817020177841,2.4018378257751465
109,C://Users//Sahan//ipthw//dermatologist-ai//data//test//melanoma\ISIC_0015163.jpg,12.9408540725708,0.07267382740974426,0.9567379355430603
110,C://Users//Sahan//ipthw//dermatologist-ai//data//test//melanoma\ISIC_0015167.jpg,19.36040687561035,0.06907816231250763,0.674345850944519
111,C://Users//Sahan//ipthw//dermatologist-ai//data//test//melanoma\ISIC_0015180.jpg,31.578371047973633,0.09912359714508057,0.29108336567878723
112,C://Users//Sahan//ipthw//dermatologist-ai//data//test//melanoma\ISIC_0015185.jpg,26.261959075927734,0.07392726093530655,0.46710777282714844
113,C://Users//Sahan//ipthw//dermatologist-ai//data//test//melanoma\ISIC_0015193.jpg,316.7195129394531,0.016300732269883156,0.16863930225372314
114,C://Users//Sahan//ipthw//dermatologist-ai//data//test//melanoma\ISIC_0015206.jpg,2.851395606994629,0.09022027254104614,3.466249704360962
115,C://Users//Sahan//ipthw//dermatologist-ai//data//test//melanoma\ISIC_0015229.jpg,76.01931762695312,0.04887867718935013,0.2427830994129181
116,C://Users//Sahan//ipthw//dermatologist-ai//data//test//melanoma\ISIC_0015251.jpg,48.293785095214844,0.05681334435939789,0.327452152967453
117,C://Users//Sahan//ipthw//dermatologist-ai//data//test//nevus\ISIC_0012092.jpg,3.4480245113372803,0.16205504536628723,1.6435067653656006
118,C://Users//Sahan//ipthw//dermatologist-ai//data//test//nevus\ISIC_0012095.jpg,4.0858049392700195,0.2287643998861313,1.0035361051559448
119,C://Users//Sahan//ipthw//dermatologist-ai//data//test//nevus\ISIC_0012147.jpg,30.96467399597168,0.08982609957456589,0.3303302526473999
120,C://Users//Sahan//ipthw//dermatologist-ai//data//test//nevus\ISIC_0012149.jpg,6.976909160614014,0.10535796731710434,1.2370185852050781
121,C://Users//Sahan//ipthw//dermatologist-ai//data//test//nevus\ISIC_0012152.jpg,0.5276734232902527,0.1366526037454605,12.358901977539062
122,C://Users//Sahan//ipthw//dermatologist-ai//data//test//nevus\ISIC_0012216.jpg,3.32259202003479,0.22357435524463654,1.2577990293502808
123,C://Users//Sahan//ipthw//dermatologist-ai//data//test//nevus\ISIC_0012357.jpg,7.35809326171875,0.15943725407123566,0.7912779450416565
124,C://Users//Sahan//ipthw//dermatologist-ai//data//test//nevus\ISIC_0012484.jpg,1.8588221073150635,0.9162741303443909,0.5486494898796082
125,C://Users//Sahan//ipthw//dermatologist-ai//data//test//nevus\ISIC_0012493.jpg,1.0815807580947876,0.19489330053329468,4.341354846954346
126,C://Users//Sahan//ipthw//dermatologist-ai//data//test//nevus\ISIC_0012551.jpg,1.3435112237930298,0.2785438895225525,2.4805595874786377
127,C://Users//Sahan//ipthw//dermatologist-ai//data//test//nevus\ISIC_0012654.jpg,1.9773062467575073,0.1838405877351761,2.5289931297302246
128,C://Users//Sahan//ipthw//dermatologist-ai//data//test//nevus\ISIC_0012656.jpg,6.74265718460083,0.11586163938045502,1.1689683198928833
129,C://Users//Sahan//ipthw//dermatologist-ai//data//test//nevus\ISIC_0012708.jpg,2.4161341190338135,0.15035851299762726,2.5117406845092773
130,C://Users//Sahan//ipthw//dermatologist-ai//data//test//nevus\ISIC_0012722.jpg,12.086466789245605,0.14000679552555084,0.5484540462493896
131,C://Users//Sahan//ipthw//dermatologist-ai//data//test//nevus\ISIC_0012803.jpg,0.5393760204315186,0.13010314106941223,12.670372009277344
132,C://Users//Sahan//ipthw//dermatologist-ai//data//test//nevus\ISIC_0012836.jpg,9.111034393310547,0.16452108323574066,0.6217413544654846
133,C://Users//Sahan//ipthw//dermatologist-ai//data//test//nevus\ISIC_0012837.jpg,2.4379467964172363,0.17746476829051971,2.1272528171539307
134,C://Users//Sahan//ipthw//dermatologist-ai//data//test//nevus\ISIC_0012903.jpg,0.853813111782074,0.13845330476760864,7.591453552246094
135,C://Users//Sahan//ipthw//dermatologist-ai//data//test//nevus\ISIC_0012904.jpg,1.5196946859359741,0.1465274691581726,4.0715484619140625
136,C://Users//Sahan//ipthw//dermatologist-ai//data//test//nevus\ISIC_0012941.jpg,4.152013301849365,0.14557169377803802,1.5182312726974487
137,C://Users//Sahan//ipthw//dermatologist-ai//data//test//nevus\ISIC_0012967.jpg,0.40772178769111633,0.0799202099442482,26.5257568359375
138,C://Users//Sahan//ipthw//dermatologist-ai//data//test//nevus\ISIC_0013045.jpg,1.3995587825775146,0.18581481277942657,3.522428274154663
139,C://Users//Sahan//ipthw//dermatologist-ai//data//test//nevus\ISIC_0013070.jpg,0.5374078750610352,0.11997101455926895,13.734681129455566
140,C://Users//Sahan//ipthw//dermatologist-ai//data//test//nevus\ISIC_0013109.jpg,1.7637614011764526,0.18991439044475555,2.745105743408203
141,C://Users//Sahan//ipthw//dermatologist-ai//data//test//nevus\ISIC_0013159.jpg,2.8736982345581055,0.1275772899389267,2.4750185012817383
142,C://Users//Sahan//ipthw//dermatologist-ai//data//test//nevus\ISIC_0013164.jpg,1.1288273334503174,0.1970061957836151,4.117691993713379
143,C://Users//Sahan//ipthw//dermatologist-ai//data//test//nevus\ISIC_0013176.jpg,1.4662971496582031,0.19351615011692047,3.2313270568847656
144,C://Users//Sahan//ipthw//dermatologist-ai//data//test//nevus\ISIC_0013191.jpg,2.2747297286987305,0.1956101804971695,2.075765371322632
145,C://Users//Sahan//ipthw//dermatologist-ai//data//test//nevus\ISIC_0013216.jpg,0.6643983125686646,0.15618711709976196,8.671473503112793
146,C://Users//Sahan//ipthw//dermatologist-ai//data//test//nevus\ISIC_0013226.jpg,0.7514253854751587,0.18468473851680756,6.545055866241455
147,C://Users//Sahan//ipthw//dermatologist-ai//data//test//nevus\ISIC_0013230.jpg,0.6459898352622986,0.11705472320318222,11.71814250946045
148,C://Users//Sahan//ipthw//dermatologist-ai//data//test//nevus\ISIC_0013269.jpg,4.147617340087891,0.21233795583248138,1.0607990026474
149,C://Users//Sahan//ipthw//dermatologist-ai//data//test//nevus\ISIC_0013291.jpg,3.5505876541137695,0.19776448607444763,1.3220994472503662
150,C://Users//Sahan//ipthw//dermatologist-ai//data//test//nevus\ISIC_0013325.jpg,1.4678287506103516,0.17528046667575836,3.5523927211761475
151,C://Users//Sahan//ipthw//dermatologist-ai//data//test//nevus\ISIC_0013399.jpg,1.3805614709854126,0.22208312153816223,3.010847806930542
152,C://Users//Sahan//ipthw//dermatologist-ai//data//test//nevus\ISIC_0013416.jpg,0.7058734893798828,0.16364818811416626,7.811276912689209
153,C://Users//Sahan//ipthw//dermatologist-ai//data//test//nevus\ISIC_0013511.jpg,30.865787506103516,0.08951970934867859,0.33237218856811523
154,C://Users//Sahan//ipthw//dermatologist-ai//data//test//nevus\ISIC_0013512.jpg,15.457890510559082,0.13516882061958313,0.4441910982131958
155,C://Users//Sahan//ipthw//dermatologist-ai//data//test//nevus\ISIC_0013529.jpg,2.882232666015625,0.20084770023822784,1.5989352464675903
156,C://Users//Sahan//ipthw//dermatologist-ai//data//test//nevus\ISIC_0013600.jpg,0.5602535009384155,0.1187208890914917,13.315629005432129
157,C://Users//Sahan//ipthw//dermatologist-ai//data//test//nevus\ISIC_0013602.jpg,0.5012731552124023,0.12607885897159576,14.034530639648438
158,C://Users//Sahan//ipthw//dermatologist-ai//data//test//nevus\ISIC_0013738.jpg,1.5580170154571533,0.21263130009174347,2.7836594581604004
159,C://Users//Sahan//ipthw//dermatologist-ai//data//test//nevus\ISIC_0013794.jpg,0.7734361290931702,0.16809648275375366,6.960272312164307
160,C://Users//Sahan//ipthw//dermatologist-ai//data//test//nevus\ISIC_0013809.jpg,1.6619561910629272,0.16759876906871796,3.278073310852051
161,C://Users//Sahan//ipthw//dermatologist-ai//data//test//nevus\ISIC_0013891.jpg,95.82862854003906,0.042991429567337036,0.21838724613189697
162,C://Users//Sahan//ipthw//dermatologist-ai//data//test//nevus\ISIC_0013897.jpg,1.2161285877227783,0.18618014454841614,4.03860330581665
163,C://Users//Sahan//ipthw//dermatologist-ai//data//test//nevus\ISIC_0013911.jpg,3.363795042037964,0.21965321898460388,1.254357099533081
164,C://Users//Sahan//ipthw//dermatologist-ai//data//test//nevus\ISIC_0013966.jpg,0.9820494055747986,0.1722445785999298,5.372131824493408
165,C://Users//Sahan//ipthw//dermatologist-ai//data//test//nevus\ISIC_0013998.jpg,2.3720040321350098,0.23162923753261566,1.6960573196411133
166,C://Users//Sahan//ipthw//dermatologist-ai//data//test//nevus\ISIC_0014090.jpg,0.9312275052070618,0.18735088407993317,5.225460052490234
167,C://Users//Sahan//ipthw//dermatologist-ai//data//test//nevus\ISIC_0014117.jpg,2.6295182704925537,0.18605780601501465,1.887605905532837
168,C://Users//Sahan//ipthw//dermatologist-ai//data//test//nevus\ISIC_0014470.jpg,0.47521060705184937,0.11264754086732864,16.4622859954834
169,C://Users//Sahan//ipthw//dermatologist-ai//data//test//nevus\ISIC_0014675.jpg,1.7545497417449951,0.08421701192855835,5.9761528968811035
170,C://Users//Sahan//ipthw//dermatologist-ai//data//test//nevus\ISIC_0014677.jpg,5.164957523345947,0.08891929686069489,1.9558587074279785
171,C://Users//Sahan//ipthw//dermatologist-ai//data//test//nevus\ISIC_0014687.jpg,6.539891242980957,0.11201270669698715,1.2311145067214966
172,C://Users//Sahan//ipthw//dermatologist-ai//data//test//nevus\ISIC_0014693.jpg,1.7555172443389893,0.10957937687635422,4.650875091552734
173,C://Users//Sahan//ipthw//dermatologist-ai//data//test//nevus\ISIC_0014697.jpg,1.6115984916687012,0.1310572624206543,4.269901752471924
174,C://Users//Sahan//ipthw//dermatologist-ai//data//test//nevus\ISIC_0014698.jpg,1.246848225593567,0.10838509351015091,6.590965747833252
175,C://Users//Sahan//ipthw//dermatologist-ai//data//test//nevus\ISIC_0014720.jpg,13.678293228149414,0.07333936542272568,0.8977127075195312
176,C://Users//Sahan//ipthw//dermatologist-ai//data//test//nevus\ISIC_0014725.jpg,4.9160895347595215,0.09405124932527542,1.9450687170028687
177,C://Users//Sahan//ipthw//dermatologist-ai//data//test//nevus\ISIC_0014728.jpg,14.61466121673584,0.17213517427444458,0.36460304260253906
178,C://Users//Sahan//ipthw//dermatologist-ai//data//test//nevus\ISIC_0014729.jpg,11.323331832885742,0.14139388501644135,0.5794223546981812
179,C://Users//Sahan//ipthw//dermatologist-ai//data//test//nevus\ISIC_0014740.jpg,117.0260238647461,0.037576824426651,0.2029217779636383
180,C://Users//Sahan//ipthw//dermatologist-ai//data//test//nevus\ISIC_0014743.jpg,6.209980010986328,0.08403252810239792,1.718662142753601
181,C://Users//Sahan//ipthw//dermatologist-ai//data//test//nevus\ISIC_0014746.jpg,226.811767578125,0.025215744972229004,0.15448710322380066
182,C://Users//Sahan//ipthw//dermatologist-ai//data//test//nevus\ISIC_0014749.jpg,20.835540771484375,0.07888167351484299,0.5498589873313904
183,C://Users//Sahan//ipthw//dermatologist-ai//data//test//nevus\ISIC_0014753.jpg,71.86321258544922,0.05918217822909355,0.21020154654979706
184,C://Users//Sahan//ipthw//dermatologist-ai//data//test//nevus\ISIC_0014755.jpg,190.1510009765625,0.027835944667458534,0.1677299439907074
185,C://Users//Sahan//ipthw//dermatologist-ai//data//test//nevus\ISIC_0014765.jpg,0.8216771483421326,0.08649061620235443,12.313711166381836
186,C://Users//Sahan//ipthw//dermatologist-ai//data//test//nevus\ISIC_0014768.jpg,0.8522564172744751,0.09036748111248016,11.398154258728027
187,C://Users//Sahan//ipthw//dermatologist-ai//data//test//nevus\ISIC_0014773.jpg,4.483839988708496,0.09209626913070679,2.1733391284942627
188,C://Users//Sahan//ipthw//dermatologist-ai//data//test//nevus\ISIC_0014780.jpg,3.029207468032837,0.09944035112857819,2.9745566844940186
189,C://Users//Sahan//ipthw//dermatologist-ai//data//test//nevus\ISIC_0014786.jpg,130.91738891601562,0.03317686915397644,0.20537042617797852
190,C://Users//Sahan//ipthw//dermatologist-ai//data//test//nevus\ISIC_0014787.jpg,9.502915382385254,0.07940235733985901,1.1917529106140137
191,C://Users//Sahan//ipthw//dermatologist-ai//data//test//nevus\ISIC_0014792.jpg,10.759764671325684,0.2227172702550888,0.38515782356262207
192,C://Users//Sahan//ipthw//dermatologist-ai//data//test//nevus\ISIC_0014796.jpg,7.624589443206787,0.095244400203228,1.2416731119155884
193,C://Users//Sahan//ipthw//dermatologist-ai//data//test//nevus\ISIC_0014798.jpg,14.894085884094238,0.10649383813142776,0.5789427161216736
194,C://Users//Sahan//ipthw//dermatologist-ai//data//test//nevus\ISIC_0014807.jpg,23.30513572692871,0.0648040920495987,0.5968088507652283
195,C://Users//Sahan//ipthw//dermatologist-ai//data//test//nevus\ISIC_0014814.jpg,1.2205764055252075,0.09731867164373398,7.451811790466309
196,C://Users//Sahan//ipthw//dermatologist-ai//data//test//nevus\ISIC_0014815.jpg,1.7328518629074097,0.09151741117238998,5.588810920715332
197,C://Users//Sahan//ipthw//dermatologist-ai//data//test//nevus\ISIC_0014820.jpg,0.6497118473052979,0.09957971423864365,13.590313911437988
198,C://Users//Sahan//ipthw//dermatologist-ai//data//test//nevus\ISIC_0014822.jpg,0.9793400764465332,0.10500435531139374,8.617822647094727
199,C://Users//Sahan//ipthw//dermatologist-ai//data//test//nevus\ISIC_0014833.jpg,2.522373676300049,0.14212991297245026,2.5402660369873047
200,C://Users//Sahan//ipthw//dermatologist-ai//data//test//nevus\ISIC_0014835.jpg,14.969501495361328,0.06848835200071335,0.8763144016265869
201,C://Users//Sahan//ipthw//dermatologist-ai//data//test//nevus\ISIC_0014844.jpg,1.5638011693954468,0.08986245095729828,6.2947587966918945
202,C://Users//Sahan//ipthw//dermatologist-ai//data//test//nevus\ISIC_0014853.jpg,2.635601043701172,0.12372145056724548,2.776240348815918
203,C://Users//Sahan//ipthw//dermatologist-ai//data//test//nevus\ISIC_0014854.jpg,53.83493423461914,0.05524981766939163,0.3039010763168335
204,C://Users//Sahan//ipthw//dermatologist-ai//data//test//nevus\ISIC_0014863.jpg,2.2460410594940186,0.0916910171508789,4.320753574371338
205,C://Users//Sahan//ipthw//dermatologist-ai//data//test//nevus\ISIC_0014867.jpg,0.6853086352348328,0.09422791004180908,13.578878402709961
206,C://Users//Sahan//ipthw//dermatologist-ai//data//test//nevus\ISIC_0014868.jpg,6.447544097900391,0.12622758746147156,1.1257787942886353
207,C://Users//Sahan//ipthw//dermatologist-ai//data//test//nevus\ISIC_0014876.jpg,6.255600452423096,0.08878031373023987,1.6204184293746948
208,C://Users//Sahan//ipthw//dermatologist-ai//data//test//nevus\ISIC_0014879.jpg,0.7267221212387085,0.11081324517726898,10.996969223022461
209,C://Users//Sahan//ipthw//dermatologist-ai//data//test//nevus\ISIC_0014901.jpg,4.032311916351318,0.09122803807258606,2.435797691345215
210,C://Users//Sahan//ipthw//dermatologist-ai//data//test//nevus\ISIC_0014907.jpg,4.506347179412842,0.11056667566299438,1.8177990913391113
211,C://Users//Sahan//ipthw//dermatologist-ai//data//test//nevus\ISIC_0014910.jpg,78.1971664428711,0.047636520117521286,0.24073022603988647
212,C://Users//Sahan//ipthw//dermatologist-ai//data//test//nevus\ISIC_0014921.jpg,6.537216663360596,0.07629049569368362,1.7922899723052979
213,C://Users//Sahan//ipthw//dermatologist-ai//data//test//nevus\ISIC_0014927.jpg,56.468170166015625,0.05676903948187828,0.28044161200523376
214,C://Users//Sahan//ipthw//dermatologist-ai//data//test//nevus\ISIC_0014936.jpg,1.4167532920837402,0.10714959353208542,5.871476650238037
215,C://Users//Sahan//ipthw//dermatologist-ai//data//test//nevus\ISIC_0014938.jpg,1.2227813005447388,0.10258357226848602,7.077477931976318
216,C://Users//Sahan//ipthw//dermatologist-ai//data//test//nevus\ISIC_0014940.jpg,6.238038539886475,0.11042523384094238,1.3135830163955688
217,C://Users//Sahan//ipthw//dermatologist-ai//data//test//nevus\ISIC_0014941.jpg,4.54012393951416,0.09672128409147263,2.0505530834198
218,C://Users//Sahan//ipthw//dermatologist-ai//data//test//nevus\ISIC_0014942.jpg,1.0853126049041748,0.12563805282115936,6.568089485168457
219,C://Users//Sahan//ipthw//dermatologist-ai//data//test//nevus\ISIC_0014943.jpg,1.4959806203842163,0.07728360593318939,7.5811004638671875
220,C://Users//Sahan//ipthw//dermatologist-ai//data//test//nevus\ISIC_0014944.jpg,1.817035436630249,0.09094531089067459,5.365479946136475
221,C://Users//Sahan//ipthw//dermatologist-ai//data//test//nevus\ISIC_0014947.jpg,5.1553144454956055,0.08893439918756485,1.9588327407836914
222,C://Users//Sahan//ipthw//dermatologist-ai//data//test//nevus\ISIC_0014948.jpg,3.3763768672943115,0.1035611629486084,2.574105739593506
223,C://Users//Sahan//ipthw//dermatologist-ai//data//test//nevus\ISIC_0014949.jpg,14.285367012023926,0.075803242623806,0.8326753973960876
224,C://Users//Sahan//ipthw//dermatologist-ai//data//test//nevus\ISIC_0014952.jpg,11.041271209716797,0.1131802424788475,0.7238746881484985
225,C://Users//Sahan//ipthw//dermatologist-ai//data//test//nevus\ISIC_0014955.jpg,1.723159670829773,0.1021486148238182,5.063586235046387
226,C://Users//Sahan//ipthw//dermatologist-ai//data//test//nevus\ISIC_0014956.jpg,42.267250061035156,0.055713918060064316,0.3796014189720154
227,C://Users//Sahan//ipthw//dermatologist-ai//data//test//nevus\ISIC_0014957.jpg,3.978447437286377,0.09438592940568924,2.3906798362731934
228,C://Users//Sahan//ipthw//dermatologist-ai//data//test//nevus\ISIC_0014958.jpg,25.944242477416992,0.06811074912548065,0.5081427693367004
229,C://Users//Sahan//ipthw//dermatologist-ai//data//test//nevus\ISIC_0014959.jpg,6.089787483215332,0.08511792123317719,1.73215651512146
230,C://Users//Sahan//ipthw//dermatologist-ai//data//test//nevus\ISIC_0014961.jpg,13.890177726745605,0.06807972490787506,0.949448823928833
231,C://Users//Sahan//ipthw//dermatologist-ai//data//test//nevus\ISIC_0014962.jpg,57.820011138916016,0.0492718331515789,0.31561407446861267
232,C://Users//Sahan//ipthw//dermatologist-ai//data//test//nevus\ISIC_0014964.jpg,17.770217895507812,0.08863956481218338,0.5767146944999695
233,C://Users//Sahan//ipthw//dermatologist-ai//data//test//nevus\ISIC_0014966.jpg,23.096126556396484,0.06422371417284012,0.6069818735122681
234,C://Users//Sahan//ipthw//dermatologist-ai//data//test//nevus\ISIC_0014968.jpg,39.23139953613281,0.07293561846017838,0.3160921335220337
235,C://Users//Sahan//ipthw//dermatologist-ai//data//test//nevus\ISIC_0014969.jpg,51.01383972167969,0.05270236358046532,0.3338583707809448
236,C://Users//Sahan//ipthw//dermatologist-ai//data//test//nevus\ISIC_0014973.jpg,47.8702392578125,0.06468171626329422,0.2937154173851013
237,C://Users//Sahan//ipthw//dermatologist-ai//data//test//nevus\ISIC_0014974.jpg,5.258462905883789,0.0952662006020546,1.788150429725647
238,C://Users//Sahan//ipthw//dermatologist-ai//data//test//nevus\ISIC_0014977.jpg,1.8840681314468384,0.0768737643957138,6.070588111877441
239,C://Users//Sahan//ipthw//dermatologist-ai//data//test//nevus\ISIC_0014992.jpg,3.972959280014038,0.07145224511623383,3.1138787269592285
240,C://Users//Sahan//ipthw//dermatologist-ai//data//test//nevus\ISIC_0014994.jpg,0.8515265583992004,0.08985758572816849,11.465710639953613
241,C://Users//Sahan//ipthw//dermatologist-ai//data//test//nevus\ISIC_0014998.jpg,11.631078720092773,0.07450448721647263,1.037915587425232
242,C://Users//Sahan//ipthw//dermatologist-ai//data//test//nevus\ISIC_0015002.jpg,20.6827335357666,0.11262398958206177,0.39676254987716675
243,C://Users//Sahan//ipthw//dermatologist-ai//data//test//nevus\ISIC_0015003.jpg,4.687742233276367,0.09965436160564423,1.9291778802871704
244,C://Users//Sahan//ipthw//dermatologist-ai//data//test//nevus\ISIC_0015007.jpg,4.286952018737793,0.07911205291748047,2.6259429454803467
245,C://Users//Sahan//ipthw//dermatologist-ai//data//test//nevus\ISIC_0015008.jpg,220.19039916992188,0.02765193209052086,0.14457044005393982
246,C://Users//Sahan//ipthw//dermatologist-ai//data//test//nevus\ISIC_0015009.jpg,313.1648864746094,0.020622694864869118,0.13600823283195496
247,C://Users//Sahan//ipthw//dermatologist-ai//data//test//nevus\ISIC_0015011.jpg,0.5980911254882812,0.11766324192285538,12.591024398803711
248,C://Users//Sahan//ipthw//dermatologist-ai//data//test//nevus\ISIC_0015013.jpg,0.8084514737129211,0.1220393031835556,9.031270980834961
249,C://Users//Sahan//ipthw//dermatologist-ai//data//test//nevus\ISIC_0015015.jpg,4.452576637268066,0.09383837878704071,2.1495883464813232
250,C://Users//Sahan//ipthw//dermatologist-ai//data//test//nevus\ISIC_0015016.jpg,55.82578659057617,0.051379263401031494,0.31409013271331787
251,C://Users//Sahan//ipthw//dermatologist-ai//data//test//nevus\ISIC_0015018.jpg,1.4300061464309692,0.09141895174980164,6.7647480964660645
252,C://Users//Sahan//ipthw//dermatologist-ai//data//test//nevus\ISIC_0015019.jpg,21.871612548828125,0.10918691754341125,0.3857937157154083
253,C://Users//Sahan//ipthw//dermatologist-ai//data//test//nevus\ISIC_0015020.jpg,3.7379348278045654,0.08942188322544098,2.676213502883911
254,C://Users//Sahan//ipthw//dermatologist-ai//data//test//nevus\ISIC_0015021.jpg,84.43936920166016,0.04773983731865883,0.223323255777359
255,C://Users//Sahan//ipthw//dermatologist-ai//data//test//nevus\ISIC_0015023.jpg,21.493206024169922,0.07131311297416687,0.5902928113937378
256,C://Users//Sahan//ipthw//dermatologist-ai//data//test//nevus\ISIC_0015026.jpg,0.600197970867157,0.10259653627872467,14.283936500549316
257,C://Users//Sahan//ipthw//dermatologist-ai//data//test//nevus\ISIC_0015030.jpg,6.9900431632995605,0.10597628355026245,1.2176281213760376
258,C://Users//Sahan//ipthw//dermatologist-ai//data//test//nevus\ISIC_0015031.jpg,56.87546157836914,0.05973828583955765,0.26726463437080383
259,C://Users//Sahan//ipthw//dermatologist-ai//data//test//nevus\ISIC_0015034.jpg,6.904609680175781,0.06653764843940735,1.9344453811645508
260,C://Users//Sahan//ipthw//dermatologist-ai//data//test//nevus\ISIC_0015035.jpg,0.6477470993995667,0.11954133212566376,11.459872245788574
261,C://Users//Sahan//ipthw//dermatologist-ai//data//test//nevus\ISIC_0015037.jpg,130.28921508789062,0.03500199317932129,0.1955980509519577
262,C://Users//Sahan//ipthw//dermatologist-ai//data//test//nevus\ISIC_0015040.jpg,0.7260314226150513,0.10517062246799469,11.563089370727539
263,C://Users//Sahan//ipthw//dermatologist-ai//data//test//nevus\ISIC_0015051.jpg,17.963134765625,0.0718657597899437,0.6992375254631042
264,C://Users//Sahan//ipthw//dermatologist-ai//data//test//nevus\ISIC_0015056.jpg,23.211837768554688,0.08133655041456223,0.48250246047973633
265,C://Users//Sahan//ipthw//dermatologist-ai//data//test//nevus\ISIC_0015057.jpg,38.6837043762207,0.05643777176737785,0.41248464584350586
266,C://Users//Sahan//ipthw//dermatologist-ai//data//test//nevus\ISIC_0015060.jpg,0.9752607345581055,0.09963419288396835,9.092201232910156
267,C://Users//Sahan//ipthw//dermatologist-ai//data//test//nevus\ISIC_0015064.jpg,58.17169189453125,0.05722634494304657,0.2722451686859131
268,C://Users//Sahan//ipthw//dermatologist-ai//data//test//nevus\ISIC_0015078.jpg,23.29255485534668,0.1322767287492752,0.29509681463241577
269,C://Users//Sahan//ipthw//dermatologist-ai//data//test//nevus\ISIC_0015089.jpg,61.09459686279297,0.05686096101999283,0.26053014397621155
270,C://Users//Sahan//ipthw//dermatologist-ai//data//test//nevus\ISIC_0015102.jpg,108.56259155273438,0.03965555503964424,0.20849989354610443
271,C://Users//Sahan//ipthw//dermatologist-ai//data//test//nevus\ISIC_0015118.jpg,72.7199935913086,0.06151296943426132,0.19989585876464844
272,C://Users//Sahan//ipthw//dermatologist-ai//data//test//nevus\ISIC_0015125.jpg,3.2270121574401855,0.09654717892408371,2.8768911361694336
273,C://Users//Sahan//ipthw//dermatologist-ai//data//test//nevus\ISIC_0015129.jpg,27.711795806884766,0.09574095159769058,0.33963295817375183
274,C://Users//Sahan//ipthw//dermatologist-ai//data//test//nevus\ISIC_0015130.jpg,73.23517608642578,0.04467673599720001,0.273613840341568
275,C://Users//Sahan//ipthw//dermatologist-ai//data//test//nevus\ISIC_0015139.jpg,1.9504787921905518,0.1081354171037674,4.246829032897949
276,C://Users//Sahan//ipthw//dermatologist-ai//data//test//nevus\ISIC_0015140.jpg,71.04692077636719,0.05208488553762436,0.24447670578956604
277,C://Users//Sahan//ipthw//dermatologist-ai//data//test//nevus\ISIC_0015146.jpg,19.641416549682617,0.0640382468700409,0.7146998643875122
278,C://Users//Sahan//ipthw//dermatologist-ai//data//test//nevus\ISIC_0015149.jpg,101.49992370605469,0.043656349182128906,0.20155608654022217
279,C://Users//Sahan//ipthw//dermatologist-ai//data//test//nevus\ISIC_0015150.jpg,9.529362678527832,0.10635659098625183,0.8939051032066345
280,C://Users//Sahan//ipthw//dermatologist-ai//data//test//nevus\ISIC_0015152.jpg,27.503339767456055,0.07428450882434845,0.4450766146183014
281,C://Users//Sahan//ipthw//dermatologist-ai//data//test//nevus\ISIC_0015155.jpg,3.9979257583618164,0.1152975931763649,1.9499038457870483
282,C://Users//Sahan//ipthw//dermatologist-ai//data//test//nevus\ISIC_0015157.jpg,5.379707336425781,0.09395845979452133,1.7807148694992065
283,C://Users//Sahan//ipthw//dermatologist-ai//data//test//nevus\ISIC_0015160.jpg,9.999027252197266,0.12032616138458252,0.7636886835098267
284,C://Users//Sahan//ipthw//dermatologist-ai//data//test//nevus\ISIC_0015161.jpg,21.236183166503906,0.11549824476242065,0.37247636914253235
285,C://Users//Sahan//ipthw//dermatologist-ai//data//test//nevus\ISIC_0015171.jpg,1.764590859413147,0.1238638237118721,4.119938373565674
286,C://Users//Sahan//ipthw//dermatologist-ai//data//test//nevus\ISIC_0015173.jpg,16.27132225036621,0.09423112124204636,0.5958918333053589
287,C://Users//Sahan//ipthw//dermatologist-ai//data//test//nevus\ISIC_0015174.jpg,1.8725591897964478,0.09649243205785751,4.923549652099609
288,C://Users//Sahan//ipthw//dermatologist-ai//data//test//nevus\ISIC_0015175.jpg,2.840721607208252,0.08057469129562378,3.8737597465515137
289,C://Users//Sahan//ipthw//dermatologist-ai//data//test//nevus\ISIC_0015176.jpg,17.102481842041016,0.061432067304849625,0.8520513772964478
290,C://Users//Sahan//ipthw//dermatologist-ai//data//test//nevus\ISIC_0015179.jpg,4.018475532531738,0.10748647153377533,2.0917186737060547
291,C://Users//Sahan//ipthw//dermatologist-ai//data//test//nevus\ISIC_0015184.jpg,2.4339497089385986,0.12717247009277344,2.888490915298462
292,C://Users//Sahan//ipthw//dermatologist-ai//data//test//nevus\ISIC_0015201.jpg,3.6649703979492188,0.0878966674208641,2.7721588611602783
293,C://Users//Sahan//ipthw//dermatologist-ai//data//test//nevus\ISIC_0015202.jpg,8.051704406738281,0.12966254353523254,0.8814742565155029
294,C://Users//Sahan//ipthw//dermatologist-ai//data//test//nevus\ISIC_0015203.jpg,57.001495361328125,0.06146728992462158,0.25790655612945557
295,C://Users//Sahan//ipthw//dermatologist-ai//data//test//nevus\ISIC_0015207.jpg,6.0254597663879395,0.08576669543981552,1.7345882654190063
296,C://Users//Sahan//ipthw//dermatologist-ai//data//test//nevus\ISIC_0015208.jpg,16.27617073059082,0.05823439359664917,0.9357022047042847
297,C://Users//Sahan//ipthw//dermatologist-ai//data//test//nevus\ISIC_0015212.jpg,0.5515813231468201,0.0794583410024643,19.77297592163086
298,C://Users//Sahan//ipthw//dermatologist-ai//data//test//nevus\ISIC_0015215.jpg,2.444028377532959,0.12303661555051804,3.006690263748169
299,C://Users//Sahan//ipthw//dermatologist-ai//data//test//nevus\ISIC_0015216.jpg,185.5269775390625,0.02819206193089485,0.16970574855804443
300,C://Users//Sahan//ipthw//dermatologist-ai//data//test//nevus\ISIC_0015217.jpg,0.5093021392822266,0.09358564019203186,18.327011108398438
301,C://Users//Sahan//ipthw//dermatologist-ai//data//test//nevus\ISIC_0015218.jpg,18.701641082763672,0.04257586598396301,1.1054726839065552
302,C://Users//Sahan//ipthw//dermatologist-ai//data//test//nevus\ISIC_0015223.jpg,1.5096596479415894,0.08124914020299911,7.1728081703186035
303,C://Users//Sahan//ipthw//dermatologist-ai//data//test//nevus\ISIC_0015224.jpg,13.489550590515137,0.09106168895959854,0.7407366633415222
304,C://Users//Sahan//ipthw//dermatologist-ai//data//test//nevus\ISIC_0015226.jpg,0.41136136651039124,0.0804600864648819,26.10289764404297
305,C://Users//Sahan//ipthw//dermatologist-ai//data//test//nevus\ISIC_0015232.jpg,0.7995901703834534,0.11600808054208755,9.576210021972656
306,C://Users//Sahan//ipthw//dermatologist-ai//data//test//nevus\ISIC_0015237.jpg,24.31260108947754,0.08005853742361069,0.4674379229545593
307,C://Users//Sahan//ipthw//dermatologist-ai//data//test//nevus\ISIC_0015241.jpg,0.5183948874473572,0.09723179787397385,17.36552619934082
308,C://Users//Sahan//ipthw//dermatologist-ai//data//test//nevus\ISIC_0015244.jpg,60.31939697265625,0.05381280556321144,0.277479887008667
309,C://Users//Sahan//ipthw//dermatologist-ai//data//test//nevus\ISIC_0015245.jpg,344.2102966308594,0.018659047782421112,0.13675089180469513
310,C://Users//Sahan//ipthw//dermatologist-ai//data//test//nevus\ISIC_0015250.jpg,12.091358184814453,0.10917466133832932,0.6889733672142029
311,C://Users//Sahan//ipthw//dermatologist-ai//data//test//nevus\ISIC_0015254.jpg,3.755702018737793,0.11726570129394531,2.0547454357147217
312,C://Users//Sahan//ipthw//dermatologist-ai//data//test//nevus\ISIC_0015255.jpg,63.453094482421875,0.05697239935398102,0.25063854455947876
313,C://Users//Sahan//ipthw//dermatologist-ai//data//test//nevus\ISIC_0015258.jpg,47.745304107666016,0.06682689487934113,0.2848798334598541
314,C://Users//Sahan//ipthw//dermatologist-ai//data//test//nevus\ISIC_0015264.jpg,11.625894546508789,0.12255682796239853,0.6454895734786987
315,C://Users//Sahan//ipthw//dermatologist-ai//data//test//nevus\ISIC_0015270.jpg,7.389132022857666,0.08886820077896118,1.369446873664856
316,C://Users//Sahan//ipthw//dermatologist-ai//data//test//nevus\ISIC_0015273.jpg,1.1949104070663452,0.10504131764173508,7.080689907073975
317,C://Users//Sahan//ipthw//dermatologist-ai//data//test//nevus\ISIC_0015274.jpg,4.695712089538574,0.1343957930803299,1.4503506422042847
318,C://Users//Sahan//ipthw//dermatologist-ai//data//test//nevus\ISIC_0015276.jpg,0.6530564427375793,0.09034397453069687,14.816754341125488
319,C://Users//Sahan//ipthw//dermatologist-ai//data//test//nevus\ISIC_0015279.jpg,124.89443969726562,0.030586088076233864,0.23225894570350647
320,C://Users//Sahan//ipthw//dermatologist-ai//data//test//nevus\ISIC_0015283.jpg,2.8870317935943604,0.10536307096481323,2.954312324523926
321,C://Users//Sahan//ipthw//dermatologist-ai//data//test//nevus\ISIC_0015291.jpg,4.612907409667969,0.09372039139270782,2.058499813079834
322,C://Users//Sahan//ipthw//dermatologist-ai//data//test//nevus\ISIC_0015293.jpg,1.5582488775253296,0.1384609490633011,4.190845489501953
323,C://Users//Sahan//ipthw//dermatologist-ai//data//test//nevus\ISIC_0015298.jpg,1.0669362545013428,0.11022666841745377,7.563299655914307
324,C://Users//Sahan//ipthw//dermatologist-ai//data//test//nevus\ISIC_0015309.jpg,7.323633670806885,0.14157822728157043,0.8794137239456177
325,C://Users//Sahan//ipthw//dermatologist-ai//data//test//nevus\ISIC_0015310.jpg,57.754207611083984,0.04476612061262131,0.3458269238471985
326,C://Users//Sahan//ipthw//dermatologist-ai//data//test//nevus\ISIC_0015311.jpg,7.469141483306885,0.1109134778380394,1.100861668586731
327,C://Users//Sahan//ipthw//dermatologist-ai//data//test//nevus\ISIC_0015312.jpg,32.371315002441406,0.06861570477485657,0.4057752192020416
328,C://Users//Sahan//ipthw//dermatologist-ai//data//test//nevus\ISIC_0015330.jpg,1.1238919496536255,0.10865697264671326,7.2835612297058105
329,C://Users//Sahan//ipthw//dermatologist-ai//data//test//nevus\ISIC_0015331.jpg,3.8295154571533203,0.08957154303789139,2.608694076538086
330,C://Users//Sahan//ipthw//dermatologist-ai//data//test//nevus\ISIC_0015347.jpg,0.5667468905448914,0.10910728573799133,14.266497611999512
331,C://Users//Sahan//ipthw//dermatologist-ai//data//test//nevus\ISIC_0015353.jpg,40.1994514465332,0.0750640407204628,0.30276885628700256
332,C://Users//Sahan//ipthw//dermatologist-ai//data//test//nevus\ISIC_0015355.jpg,3.8274433612823486,0.10932612419128418,2.1600818634033203
333,C://Users//Sahan//ipthw//dermatologist-ai//data//test//nevus\ISIC_0015357.jpg,0.467281699180603,0.09751860797405243,19.184003829956055
334,C://Users//Sahan//ipthw//dermatologist-ai//data//test//nevus\ISIC_0015360.jpg,1.9971879720687866,0.13374678790569305,3.3896877765655518
335,C://Users//Sahan//ipthw//dermatologist-ai//data//test//nevus\ISIC_0015363.jpg,0.42834362387657166,0.0806945413351059,25.021987915039062
336,C://Users//Sahan//ipthw//dermatologist-ai//data//test//nevus\ISIC_0015364.jpg,20.713685989379883,0.0696033239364624,0.6265355348587036
337,C://Users//Sahan//ipthw//dermatologist-ai//data//test//nevus\ISIC_0015368.jpg,81.16950988769531,0.04500259459018707,0.24629947543144226
338,C://Users//Sahan//ipthw//dermatologist-ai//data//test//nevus\ISIC_0015369.jpg,1.2696205377578735,0.09278912097215652,7.501075267791748
339,C://Users//Sahan//ipthw//dermatologist-ai//data//test//nevus\ISIC_0015383.jpg,2.781583309173584,0.08341857045888901,3.8283934593200684
340,C://Users//Sahan//ipthw//dermatologist-ai//data//test//nevus\ISIC_0015386.jpg,51.07914733886719,0.06006757169961929,0.294752299785614
341,C://Users//Sahan//ipthw//dermatologist-ai//data//test//nevus\ISIC_0015390.jpg,2.9506020545959473,0.12353790551424026,2.486093282699585
342,C://Users//Sahan//ipthw//dermatologist-ai//data//test//nevus\ISIC_0015395.jpg,12.044921875,0.10236752033233643,0.73934006690979
343,C://Users//Sahan//ipthw//dermatologist-ai//data//test//nevus\ISIC_0015403.jpg,3.491544008255005,0.11023452877998352,2.345306396484375
344,C://Users//Sahan//ipthw//dermatologist-ai//data//test//nevus\ISIC_0015404.jpg,1.1385667324066162,0.10564252734184265,7.3856329917907715
345,C://Users//Sahan//ipthw//dermatologist-ai//data//test//nevus\ISIC_0015411.jpg,1.6475133895874023,0.09876301884651184,5.467021942138672
346,C://Users//Sahan//ipthw//dermatologist-ai//data//test//nevus\ISIC_0015412.jpg,4.992178916931152,0.12472674250602722,1.4657872915267944
347,C://Users//Sahan//ipthw//dermatologist-ai//data//test//nevus\ISIC_0015416.jpg,5.21690559387207,0.10563761740922928,1.6431962251663208
348,C://Users//Sahan//ipthw//dermatologist-ai//data//test//nevus\ISIC_0015417.jpg,0.7788669466972351,0.07809555530548096,14.294926643371582
349,C://Users//Sahan//ipthw//dermatologist-ai//data//test//nevus\ISIC_0015418.jpg,1.9053101539611816,0.11118559539318085,4.231613636016846
350,C://Users//Sahan//ipthw//dermatologist-ai//data//test//nevus\ISIC_0015419.jpg,17.862760543823242,0.12078685313463211,0.4286847710609436
351,C://Users//Sahan//ipthw//dermatologist-ai//data//test//nevus\ISIC_0015436.jpg,0.5462146401405334,0.11667918413877487,13.879505157470703
352,C://Users//Sahan//ipthw//dermatologist-ai//data//test//nevus\ISIC_0015440.jpg,1.3965271711349487,0.09116313606500626,6.944515228271484
353,C://Users//Sahan//ipthw//dermatologist-ai//data//test//nevus\ISIC_0015447.jpg,5.169323921203613,0.08410608768463135,2.0600295066833496
354,C://Users//Sahan//ipthw//dermatologist-ai//data//test//nevus\ISIC_0015455.jpg,4.252945899963379,0.11449543386697769,1.8527891635894775
355,C://Users//Sahan//ipthw//dermatologist-ai//data//test//nevus\ISIC_0015464.jpg,9.028121948242188,0.08416765183210373,1.1867077350616455
356,C://Users//Sahan//ipthw//dermatologist-ai//data//test//nevus\ISIC_0015466.jpg,5.983157157897949,0.1276356726884842,1.1989915370941162
357,C://Users//Sahan//ipthw//dermatologist-ai//data//test//nevus\ISIC_0015468.jpg,1.7195656299591064,0.11062764376401901,4.706419467926025
358,C://Users//Sahan//ipthw//dermatologist-ai//data//test//nevus\ISIC_0015476.jpg,16.938201904296875,0.09352891147136688,0.5761252045631409
359,C://Users//Sahan//ipthw//dermatologist-ai//data//test//nevus\ISIC_0015481.jpg,1.0319017171859741,0.07448863983154297,11.330320358276367
360,C://Users//Sahan//ipthw//dermatologist-ai//data//test//nevus\ISIC_0015482.jpg,22.420860290527344,0.06751495599746704,0.5960934162139893
361,C://Users//Sahan//ipthw//dermatologist-ai//data//test//nevus\ISIC_0015485.jpg,32.075382232666016,0.08540832996368408,0.33475568890571594
362,C://Users//Sahan//ipthw//dermatologist-ai//data//test//nevus\ISIC_0015510.jpg,1.7870500087738037,0.09255862236022949,5.364073276519775
363,C://Users//Sahan//ipthw//dermatologist-ai//data//test//nevus\ISIC_0015526.jpg,1.2355941534042358,0.07946104556322098,8.921396255493164
364,C://Users//Sahan//ipthw//dermatologist-ai//data//test//nevus\ISIC_0015537.jpg,62.949302673339844,0.06273281574249268,0.22795206308364868
365,C://Users//Sahan//ipthw//dermatologist-ai//data//test//nevus\ISIC_0015544.jpg,108.70825958251953,0.026237035170197487,0.30809852480888367
366,C://Users//Sahan//ipthw//dermatologist-ai//data//test//nevus\ISIC_0015559.jpg,4.01161003112793,0.11712805926799774,1.9315177202224731
367,C://Users//Sahan//ipthw//dermatologist-ai//data//test//nevus\ISIC_0015563.jpg,0.5531089901924133,0.10518226027488708,15.123526573181152
368,C://Users//Sahan//ipthw//dermatologist-ai//data//test//nevus\ISIC_0015566.jpg,8.853601455688477,0.0904686450958252,1.1303884983062744
369,C://Users//Sahan//ipthw//dermatologist-ai//data//test//nevus\ISIC_0015568.jpg,1.8012661933898926,0.11151519417762756,4.456003189086914
370,C://Users//Sahan//ipthw//dermatologist-ai//data//test//nevus\ISIC_0015582.jpg,2.4797091484069824,0.10321220010519028,3.502201795578003
371,C://Users//Sahan//ipthw//dermatologist-ai//data//test//nevus\ISIC_0015593.jpg,9.78966236114502,0.10307370126247406,0.9037562012672424
372,C://Users//Sahan//ipthw//dermatologist-ai//data//test//nevus\ISIC_0015603.jpg,2.6266722679138184,0.11896873265504837,2.8897390365600586
373,C://Users//Sahan//ipthw//dermatologist-ai//data//test//nevus\ISIC_0015607.jpg,11.43529224395752,0.09107237309217453,0.8699576258659363
374,C://Users//Sahan//ipthw//dermatologist-ai//data//test//nevus\ISIC_0015614.jpg,7.619007110595703,0.22504015266895294,0.544390857219696
375,C://Users//Sahan//ipthw//dermatologist-ai//data//test//nevus\ISIC_0015617.jpg,14.413420677185059,0.06644178926944733,0.9361320734024048
376,C://Users//Sahan//ipthw//dermatologist-ai//data//test//nevus\ISIC_0015625.jpg,5.338151931762695,0.09867673367261887,1.7136989831924438
377,C://Users//Sahan//ipthw//dermatologist-ai//data//test//nevus\ISIC_0015631.jpg,5.37003231048584,0.09339292347431183,1.7955354452133179
378,C://Users//Sahan//ipthw//dermatologist-ai//data//test//nevus\ISIC_0015636.jpg,19.243558883666992,0.12747974693775177,0.3741039037704468
379,C://Users//Sahan//ipthw//dermatologist-ai//data//test//nevus\ISIC_0015638.jpg,2.2768337726593018,0.10048580914735794,3.9062907695770264
380,C://Users//Sahan//ipthw//dermatologist-ai//data//test//nevus\ISIC_0015641.jpg,26.460866928100586,0.12789832055568695,0.2662799060344696
381,C://Users//Sahan//ipthw//dermatologist-ai//data//test//nevus\ISIC_0015645.jpg,0.4289293587207794,0.08159199357032776,24.712989807128906
382,C://Users//Sahan//ipthw//dermatologist-ai//data//test//nevus\ISIC_0015936.jpg,1.6142863035202026,0.13469360768795013,4.152335166931152
383,C://Users//Sahan//ipthw//dermatologist-ai//data//test//nevus\ISIC_0015937.jpg,2.5919227600097656,0.14879721403121948,2.367886781692505
384,C://Users//Sahan//ipthw//dermatologist-ai//data//test//nevus\ISIC_0015938.jpg,0.6915056705474854,0.15785466134548187,8.250555038452148
385,C://Users//Sahan//ipthw//dermatologist-ai//data//test//nevus\ISIC_0015939.jpg,0.5777706503868103,0.13015678524971008,11.837051391601562
386,C://Users//Sahan//ipthw//dermatologist-ai//data//test//nevus\ISIC_0015940.jpg,0.4494432210922241,0.11577150970697403,16.94962501525879
387,C://Users//Sahan//ipthw//dermatologist-ai//data//test//nevus\ISIC_0015941.jpg,0.625583291053772,0.10526027530431747,13.383715629577637
388,C://Users//Sahan//ipthw//dermatologist-ai//data//test//nevus\ISIC_0015942.jpg,0.733268678188324,0.1701943576335907,7.2474260330200195
389,C://Users//Sahan//ipthw//dermatologist-ai//data//test//nevus\ISIC_0015943.jpg,2.0719516277313232,0.2448878288269043,1.8310434818267822
390,C://Users//Sahan//ipthw//dermatologist-ai//data//test//nevus\ISIC_0015944.jpg,1.718804955482483,0.17084603011608124,3.114436388015747
391,C://Users//Sahan//ipthw//dermatologist-ai//data//test//nevus\ISIC_0015945.jpg,1.8198480606079102,0.15360035002231598,3.2569851875305176
392,C://Users//Sahan//ipthw//dermatologist-ai//data//test//nevus\ISIC_0015946.jpg,5.940673828125,0.1677701771259308,0.9312785267829895
393,C://Users//Sahan//ipthw//dermatologist-ai//data//test//nevus\ISIC_0015947.jpg,0.7337768077850342,0.1334213763475418,9.126973152160645
394,C://Users//Sahan//ipthw//dermatologist-ai//data//test//nevus\ISIC_0015948.jpg,1.6393229961395264,0.1838599592447281,3.0441150665283203
395,C://Users//Sahan//ipthw//dermatologist-ai//data//test//nevus\ISIC_0015949.jpg,1.0648446083068848,0.1370486468076706,6.165031909942627
396,C://Users//Sahan//ipthw//dermatologist-ai//data//test//nevus\ISIC_0015950.jpg,0.7336883544921875,0.18499505519866943,6.683811187744141
397,C://Users//Sahan//ipthw//dermatologist-ai//data//test//nevus\ISIC_0015951.jpg,4.52727746963501,0.22778160870075226,0.9104297757148743
398,C://Users//Sahan//ipthw//dermatologist-ai//data//test//nevus\ISIC_0015952.jpg,5.739785671234131,0.20595738291740417,0.7923730611801147
399,C://Users//Sahan//ipthw//dermatologist-ai//data//test//nevus\ISIC_0015953.jpg,6.964201927185059,0.18408767879009247,0.7257189750671387
400,C://Users//Sahan//ipthw//dermatologist-ai//data//test//nevus\ISIC_0015954.jpg,3.95361065864563,0.2286059558391571,1.0370941162109375
401,C://Users//Sahan//ipthw//dermatologist-ai//data//test//nevus\ISIC_0015955.jpg,1.121395230293274,0.23681896924972534,3.462237596511841
402,C://Users//Sahan//ipthw//dermatologist-ai//data//test//nevus\ISIC_0015956.jpg,5.286107063293457,0.1638060212135315,1.0689852237701416
403,C://Users//Sahan//ipthw//dermatologist-ai//data//test//nevus\ISIC_0015957.jpg,0.8276143670082092,0.16942347586154938,6.457597732543945
404,C://Users//Sahan//ipthw//dermatologist-ai//data//test//nevus\ISIC_0015958.jpg,0.4762519598007202,0.12417284399271011,14.978976249694824
405,C://Users//Sahan//ipthw//dermatologist-ai//data//test//nevus\ISIC_0015959.jpg,2.956403970718384,0.20567724108695984,1.5279428958892822
406,C://Users//Sahan//ipthw//dermatologist-ai//data//test//nevus\ISIC_0015960.jpg,0.9779813289642334,0.1572222262620926,5.8830766677856445
407,C://Users//Sahan//ipthw//dermatologist-ai//data//test//nevus\ISIC_0015961.jpg,2.5885913372039795,0.17844897508621216,1.9938193559646606
408,C://Users//Sahan//ipthw//dermatologist-ai//data//test//nevus\ISIC_0015962.jpg,1.2973545789718628,0.17670048773288727,3.9822187423706055
409,C://Users//Sahan//ipthw//dermatologist-ai//data//test//nevus\ISIC_0015963.jpg,0.46665719151496887,0.11097865551710129,17.001710891723633
410,C://Users//Sahan//ipthw//dermatologist-ai//data//test//nevus\ISIC_0015964.jpg,2.136944055557251,0.1768479347229004,2.4313528537750244
411,C://Users//Sahan//ipthw//dermatologist-ai//data//test//nevus\ISIC_0015965.jpg,0.801328718662262,0.15576204657554626,7.2214837074279785
412,C://Users//Sahan//ipthw//dermatologist-ai//data//test//nevus\ISIC_0015966.jpg,1.0492578744888306,0.16062429547309875,5.379010200500488
413,C://Users//Sahan//ipthw//dermatologist-ai//data//test//nevus\ISIC_0015967.jpg,3.150001287460327,0.22196254134178162,1.3341360092163086
414,C://Users//Sahan//ipthw//dermatologist-ai//data//test//nevus\ISIC_0015968.jpg,37.54825210571289,0.07916177064180374,0.3080212473869324
415,C://Users//Sahan//ipthw//dermatologist-ai//data//test//nevus\ISIC_0015969.jpg,4.829123497009277,0.14199532568454742,1.3386504650115967
416,C://Users//Sahan//ipthw//dermatologist-ai//data//test//nevus\ISIC_0015971.jpg,0.7224746346473694,0.15539979934692383,8.018407821655273
417,C://Users//Sahan//ipthw//dermatologist-ai//data//test//nevus\ISIC_0015972.jpg,0.6249006986618042,0.16361269354820251,8.811667442321777
418,C://Users//Sahan//ipthw//dermatologist-ai//data//test//nevus\ISIC_0015973.jpg,9.388537406921387,0.16205844283103943,0.6123810410499573
419,C://Users//Sahan//ipthw//dermatologist-ai//data//test//nevus\ISIC_0015974.jpg,8.42831039428711,0.14057132601737976,0.7801836729049683
420,C://Users//Sahan//ipthw//dermatologist-ai//data//test//nevus\ISIC_0015975.jpg,0.9391286969184875,0.15904219448566437,6.054099082946777
421,C://Users//Sahan//ipthw//dermatologist-ai//data//test//nevus\ISIC_0015976.jpg,0.6928627490997314,0.15525947511196136,8.364200592041016
422,C://Users//Sahan//ipthw//dermatologist-ai//data//test//nevus\ISIC_0015978.jpg,0.6030901074409485,0.11212418228387833,13.073479652404785
423,C://Users//Sahan//ipthw//dermatologist-ai//data//test//nevus\ISIC_0015979.jpg,0.5276734232902527,0.1366526037454605,12.358901977539062
424,C://Users//Sahan//ipthw//dermatologist-ai//data//test//nevus\ISIC_0015980.jpg,1.107212781906128,0.17896674573421478,4.600978851318359
425,C://Users//Sahan//ipthw//dermatologist-ai//data//test//nevus\ISIC_0015981.jpg,0.7290912866592407,0.15946011245250702,7.754812240600586
426,C://Users//Sahan//ipthw//dermatologist-ai//data//test//nevus\ISIC_0015982.jpg,1.1040260791778564,0.1829666942358017,4.518246650695801
427,C://Users//Sahan//ipthw//dermatologist-ai//data//test//nevus\ISIC_0015983.jpg,0.5837879776954651,0.14571940898895264,10.521005630493164
428,C://Users//Sahan//ipthw//dermatologist-ai//data//test//nevus\ISIC_0015984.jpg,0.7951878905296326,0.15794405341148376,7.183681011199951
429,C://Users//Sahan//ipthw//dermatologist-ai//data//test//nevus\ISIC_0015985.jpg,1.1330112218856812,0.201704204082489,4.004687309265137
430,C://Users//Sahan//ipthw//dermatologist-ai//data//test//nevus\ISIC_0015986.jpg,0.7620896697044373,0.16758474707603455,7.084470748901367
431,C://Users//Sahan//ipthw//dermatologist-ai//data//test//nevus\ISIC_0015987.jpg,0.6460608243942261,0.16259028017520905,8.581761360168457
432,C://Users//Sahan//ipthw//dermatologist-ai//data//test//nevus\ISIC_0015988.jpg,4.183808326721191,0.1770249456167221,1.2508971691131592
433,C://Users//Sahan//ipthw//dermatologist-ai//data//test//nevus\ISIC_0015989.jpg,1.1271635293960571,0.18160218000411987,4.455935478210449
434,C://Users//Sahan//ipthw//dermatologist-ai//data//test//nevus\ISIC_0015990.jpg,2.4966015815734863,0.17363959550857544,2.120095729827881
435,C://Users//Sahan//ipthw//dermatologist-ai//data//test//nevus\ISIC_0015991.jpg,1.438342809677124,0.16065220534801483,3.936051607131958
436,C://Users//Sahan//ipthw//dermatologist-ai//data//test//nevus\ISIC_0015992.jpg,0.826012909412384,0.16924604773521423,6.477978229522705
437,C://Users//Sahan//ipthw//dermatologist-ai//data//test//nevus\ISIC_0015993.jpg,1.0737360715866089,0.1622774749994278,5.203109264373779
438,C://Users//Sahan//ipthw//dermatologist-ai//data//test//nevus\ISIC_0015994.jpg,0.7850857377052307,0.18291576206684113,6.325939655303955
439,C://Users//Sahan//ipthw//dermatologist-ai//data//test//nevus\ISIC_0015995.jpg,10.926410675048828,0.12333086878061295,0.6836800575256348
440,C://Users//Sahan//ipthw//dermatologist-ai//data//test//nevus\ISIC_0015996.jpg,0.667843222618103,0.16541942954063416,8.165933609008789
441,C://Users//Sahan//ipthw//dermatologist-ai//data//test//nevus\ISIC_0015997.jpg,1.7653403282165527,0.1883809119462967,2.7626404762268066
442,C://Users//Sahan//ipthw//dermatologist-ai//data//test//nevus\ISIC_0015998.jpg,11.301592826843262,0.1529296338558197,0.5387955904006958
443,C://Users//Sahan//ipthw//dermatologist-ai//data//test//nevus\ISIC_0015999.jpg,0.9385301470756531,0.17150922119617462,5.640463829040527
444,C://Users//Sahan//ipthw//dermatologist-ai//data//test//nevus\ISIC_0016000.jpg,33.230796813964844,0.0838826447725296,0.32891520857810974
445,C://Users//Sahan//ipthw//dermatologist-ai//data//test//nevus\ISIC_0016001.jpg,3.32259202003479,0.22357435524463654,1.2577990293502808
446,C://Users//Sahan//ipthw//dermatologist-ai//data//test//nevus\ISIC_0016002.jpg,0.5186861157417297,0.13349205255508423,12.845193862915039
447,C://Users//Sahan//ipthw//dermatologist-ai//data//test//nevus\ISIC_0016003.jpg,0.6615943908691406,0.11023011058568954,12.118209838867188
448,C://Users//Sahan//ipthw//dermatologist-ai//data//test//nevus\ISIC_0016004.jpg,3.867290735244751,0.3507896363735199,0.6888837218284607
449,C://Users//Sahan//ipthw//dermatologist-ai//data//test//nevus\ISIC_0016005.jpg,1.0320574045181274,0.1487756073474884,5.8775715827941895
450,C://Users//Sahan//ipthw//dermatologist-ai//data//test//nevus\ISIC_0016006.jpg,0.8156288862228394,0.1626306176185608,6.815460205078125
451,C://Users//Sahan//ipthw//dermatologist-ai//data//test//nevus\ISIC_0016007.jpg,6.157447814941406,0.1881873458623886,0.805385172367096
452,C://Users//Sahan//ipthw//dermatologist-ai//data//test//nevus\ISIC_0016008.jpg,2.66489577293396,0.19842830300331116,1.7521631717681885
453,C://Users//Sahan//ipthw//dermatologist-ai//data//test//nevus\ISIC_0016009.jpg,2.460190534591675,0.2273045778274536,1.6626412868499756
454,C://Users//Sahan//ipthw//dermatologist-ai//data//test//nevus\ISIC_0016011.jpg,1.758735179901123,0.21073412895202637,2.4926629066467285
455,C://Users//Sahan//ipthw//dermatologist-ai//data//test//nevus\ISIC_0016012.jpg,19.445377349853516,0.12131515145301819,0.39290452003479004
456,C://Users//Sahan//ipthw//dermatologist-ai//data//test//nevus\ISIC_0016013.jpg,23.989744186401367,0.10605954378843307,0.3628314137458801
457,C://Users//Sahan//ipthw//dermatologist-ai//data//test//nevus\ISIC_0016014.jpg,0.748466968536377,0.17474770545959473,6.927153587341309
458,C://Users//Sahan//ipthw//dermatologist-ai//data//test//nevus\ISIC_0016015.jpg,4.398287296295166,0.17635712027549744,1.1943943500518799
459,C://Users//Sahan//ipthw//dermatologist-ai//data//test//nevus\ISIC_0016016.jpg,4.21231746673584,0.15190057456493378,1.4359272718429565
460,C://Users//Sahan//ipthw//dermatologist-ai//data//test//nevus\ISIC_0016017.jpg,0.9877942800521851,0.24126961827278137,3.8536345958709717
461,C://Users//Sahan//ipthw//dermatologist-ai//data//test//nevus\ISIC_0016018.jpg,0.717317521572113,0.14232148230075836,8.775158882141113
462,C://Users//Sahan//ipthw//dermatologist-ai//data//test//nevus\ISIC_0016019.jpg,1.1067500114440918,0.15716518461704254,5.2073893547058105
463,C://Users//Sahan//ipthw//dermatologist-ai//data//test//nevus\ISIC_0016022.jpg,6.193530559539795,0.1958134025335312,0.7706719636917114
464,C://Users//Sahan//ipthw//dermatologist-ai//data//test//nevus\ISIC_0016023.jpg,0.8051255941390991,0.16596512496471405,6.769899845123291
465,C://Users//Sahan//ipthw//dermatologist-ai//data//test//nevus\ISIC_0016024.jpg,2.2083094120025635,0.18885311484336853,2.2098371982574463
466,C://Users//Sahan//ipthw//dermatologist-ai//data//test//nevus\ISIC_0016025.jpg,4.467789649963379,0.15270622074604034,1.348492980003357
467,C://Users//Sahan//ipthw//dermatologist-ai//data//test//nevus\ISIC_0016026.jpg,3.2120063304901123,0.23690000176429749,1.2274599075317383
468,C://Users//Sahan//ipthw//dermatologist-ai//data//test//nevus\ISIC_0016027.jpg,1.8115296363830566,0.2033042460680008,2.5038630962371826
469,C://Users//Sahan//ipthw//dermatologist-ai//data//test//nevus\ISIC_0016028.jpg,0.7368268370628357,0.18257731199264526,6.746977806091309
470,C://Users//Sahan//ipthw//dermatologist-ai//data//test//nevus\ISIC_0016029.jpg,0.9068257808685303,0.1791086196899414,5.599184036254883
471,C://Users//Sahan//ipthw//dermatologist-ai//data//test//nevus\ISIC_0016030.jpg,0.5529186129570007,0.16700933873653412,9.748433113098145
472,C://Users//Sahan//ipthw//dermatologist-ai//data//test//nevus\ISIC_0016031.jpg,0.6332039833068848,0.16572122275829315,8.592179298400879
473,C://Users//Sahan//ipthw//dermatologist-ai//data//test//nevus\ISIC_0016033.jpg,1.7208741903305054,0.16694600880146027,3.1797173023223877
474,C://Users//Sahan//ipthw//dermatologist-ai//data//test//nevus\ISIC_0016034.jpg,0.6368577480316162,0.1618584841489792,8.737330436706543
475,C://Users//Sahan//ipthw//dermatologist-ai//data//test//nevus\ISIC_0016035.jpg,0.632229208946228,0.16703805327415466,8.541051864624023
476,C://Users//Sahan//ipthw//dermatologist-ai//data//test//nevus\ISIC_0016036.jpg,0.6343270540237427,0.1586526781320572,8.941271781921387
477,C://Users//Sahan//ipthw//dermatologist-ai//data//test//nevus\ISIC_0016037.jpg,0.4933590888977051,0.1474272757768631,12.282788276672363
478,C://Users//Sahan//ipthw//dermatologist-ai//data//test//nevus\ISIC_0016038.jpg,0.48928722739219666,0.11171720176935196,16.120220184326172
479,C://Users//Sahan//ipthw//dermatologist-ai//data//test//nevus\ISIC_0016040.jpg,1.8832204341888428,0.15500500798225403,3.121823310852051
480,C://Users//Sahan//ipthw//dermatologist-ai//data//test//nevus\ISIC_0016041.jpg,0.7289236187934875,0.1617671698331833,7.651393413543701
481,C://Users//Sahan//ipthw//dermatologist-ai//data//test//nevus\ISIC_0016042.jpg,0.5153555274009705,0.15831761062145233,10.99720287322998
482,C://Users//Sahan//ipthw//dermatologist-ai//data//test//nevus\ISIC_0016043.jpg,0.593823254108429,0.14782150089740753,10.204638481140137
483,C://Users//Sahan//ipthw//dermatologist-ai//data//test//nevus\ISIC_0016044.jpg,1.1388088464736938,0.1413143277168274,5.596020221710205
484,C://Users//Sahan//ipthw//dermatologist-ai//data//test//nevus\ISIC_0016045.jpg,1.379797339439392,0.17606765031814575,3.760105609893799
485,C://Users//Sahan//ipthw//dermatologist-ai//data//test//nevus\ISIC_0016046.jpg,0.6989715695381165,0.14057448506355286,9.112844467163086
486,C://Users//Sahan//ipthw//dermatologist-ai//data//test//nevus\ISIC_0016048.jpg,2.754574775695801,0.20349352061748505,1.6553336381912231
487,C://Users//Sahan//ipthw//dermatologist-ai//data//test//nevus\ISIC_0016049.jpg,1.6589573621749878,0.16167722642421722,3.3976967334747314
488,C://Users//Sahan//ipthw//dermatologist-ai//data//test//nevus\ISIC_0016050.jpg,3.439955472946167,0.24499861896038055,1.1086833477020264
489,C://Users//Sahan//ipthw//dermatologist-ai//data//test//nevus\ISIC_0016051.jpg,0.5695378184318542,0.15844766795635223,9.955477714538574
490,C://Users//Sahan//ipthw//dermatologist-ai//data//test//nevus\ISIC_0016052.jpg,0.5805771946907043,0.1608148217201233,9.631603240966797
491,C://Users//Sahan//ipthw//dermatologist-ai//data//test//nevus\ISIC_0016053.jpg,3.2403311729431152,0.2142954170703888,1.342536211013794
492,C://Users//Sahan//ipthw//dermatologist-ai//data//test//nevus\ISIC_0016054.jpg,2.035371780395508,0.18564040958881378,2.431140661239624
493,C://Users//Sahan//ipthw//dermatologist-ai//data//test//nevus\ISIC_0016055.jpg,16.087867736816406,0.10995833575725555,0.5196447968482971
494,C://Users//Sahan//ipthw//dermatologist-ai//data//test//nevus\ISIC_0016056.jpg,3.5930368900299072,0.21987664699554443,1.1829853057861328
495,C://Users//Sahan//ipthw//dermatologist-ai//data//test//nevus\ISIC_0016057.jpg,2.493177890777588,0.17205296456813812,2.1424341201782227
496,C://Users//Sahan//ipthw//dermatologist-ai//data//test//nevus\ISIC_0016058.jpg,0.7679353356361389,0.1559356153011322,7.52874755859375
497,C://Users//Sahan//ipthw//dermatologist-ai//data//test//nevus\ISIC_0016059.jpg,1.1714208126068115,0.18198618292808533,4.282842636108398
498,C://Users//Sahan//ipthw//dermatologist-ai//data//test//nevus\ISIC_0016060.jpg,17.360471725463867,0.12706945836544037,0.42055007815361023
499,C://Users//Sahan//ipthw//dermatologist-ai//data//test//nevus\ISIC_0016061.jpg,0.8090929985046387,0.18665087223052979,6.022476673126221
500,C://Users//Sahan//ipthw//dermatologist-ai//data//test//nevus\ISIC_0016062.jpg,1.9006333351135254,0.24256129562854767,2.0095863342285156
501,C://Users//Sahan//ipthw//dermatologist-ai//data//test//nevus\ISIC_0016063.jpg,0.545532763004303,0.15682445466518402,10.489912033081055
502,C://Users//Sahan//ipthw//dermatologist-ai//data//test//nevus\ISIC_0016064.jpg,5.030058860778809,0.22875507175922394,0.8150609731674194
503,C://Users//Sahan//ipthw//dermatologist-ai//data//test//nevus\ISIC_0016065.jpg,5.733392715454102,0.20285062491893768,0.8049556612968445
504,C://Users//Sahan//ipthw//dermatologist-ai//data//test//nevus\ISIC_0016066.jpg,5.47344446182251,0.20033782720565796,0.8521825671195984
505,C://Users//Sahan//ipthw//dermatologist-ai//data//test//nevus\ISIC_0016068.jpg,2.3196306228637695,0.15940658748149872,2.4746358394622803
506,C://Users//Sahan//ipthw//dermatologist-ai//data//test//nevus\ISIC_0016069.jpg,0.7355005741119385,0.1568852663040161,7.805154323577881
507,C://Users//Sahan//ipthw//dermatologist-ai//data//test//nevus\ISIC_0016070.jpg,5.509704113006592,0.1977091133594513,0.857623279094696
508,C://Users//Sahan//ipthw//dermatologist-ai//data//test//nevus\ISIC_0016071.jpg,0.5169920921325684,0.14204657077789307,12.150751113891602
509,C://Users//Sahan//ipthw//dermatologist-ai//data//test//nevus\ISIC_0016072.jpg,3.8686418533325195,0.191966250538826,1.2512240409851074
510,C://Users//Sahan//ipthw//dermatologist-ai//data//test//seborrheic_keratosis\ISIC_0012086.jpg,0.766663670539856,0.1687750369310379,6.990447998046875
511,C://Users//Sahan//ipthw//dermatologist-ai//data//test//seborrheic_keratosis\ISIC_0012134.jpg,7.309080600738525,0.18330344557762146,0.6970354914665222
512,C://Users//Sahan//ipthw//dermatologist-ai//data//test//seborrheic_keratosis\ISIC_0012136.jpg,1.079695701599121,0.14411133527755737,5.796289920806885
513,C://Users//Sahan//ipthw//dermatologist-ai//data//test//seborrheic_keratosis\ISIC_0012178.jpg,0.5426024198532104,0.13300715386867523,12.335660934448242
514,C://Users//Sahan//ipthw//dermatologist-ai//data//test//seborrheic_keratosis\ISIC_0012199.jpg,8.038222312927246,0.11334056407213211,1.0032442808151245
515,C://Users//Sahan//ipthw//dermatologist-ai//data//test//seborrheic_keratosis\ISIC_0012207.jpg,62.1361083984375,0.05706988647580147,0.25575464963912964
516,C://Users//Sahan//ipthw//dermatologist-ai//data//test//seborrheic_keratosis\ISIC_0012215.jpg,2.3087010383605957,0.17358610033988953,2.2921700477600098
517,C://Users//Sahan//ipthw//dermatologist-ai//data//test//seborrheic_keratosis\ISIC_0012223.jpg,2.7108707427978516,0.24068979918956757,1.4327609539031982
518,C://Users//Sahan//ipthw//dermatologist-ai//data//test//seborrheic_keratosis\ISIC_0012240.jpg,5.2211995124816895,0.2442687302827835,0.7389666438102722
519,C://Users//Sahan//ipthw//dermatologist-ai//data//test//seborrheic_keratosis\ISIC_0012248.jpg,24.584794998168945,0.10362248867750168,0.362142413854599
520,C://Users//Sahan//ipthw//dermatologist-ai//data//test//seborrheic_keratosis\ISIC_0012265.jpg,2.093989849090576,0.19531327486038208,2.2568306922912598
521,C://Users//Sahan//ipthw//dermatologist-ai//data//test//seborrheic_keratosis\ISIC_0012266.jpg,0.9857215285301208,0.1977117359638214,4.685044765472412
522,C://Users//Sahan//ipthw//dermatologist-ai//data//test//seborrheic_keratosis\ISIC_0012272.jpg,5.83242654800415,0.25194665789604187,0.6315233707427979
523,C://Users//Sahan//ipthw//dermatologist-ai//data//test//seborrheic_keratosis\ISIC_0012273.jpg,30.453657150268555,0.09135615080595016,0.32986414432525635
524,C://Users//Sahan//ipthw//dermatologist-ai//data//test//seborrheic_keratosis\ISIC_0012314.jpg,22.228511810302734,0.1166732907295227,0.355304479598999
525,C://Users//Sahan//ipthw//dermatologist-ai//data//test//seborrheic_keratosis\ISIC_0012323.jpg,1.3120285272598267,0.15047037601470947,4.588606357574463
526,C://Users//Sahan//ipthw//dermatologist-ai//data//test//seborrheic_keratosis\ISIC_0012330.jpg,58.31797409057617,0.049097273498773575,0.31420618295669556
527,C://Users//Sahan//ipthw//dermatologist-ai//data//test//seborrheic_keratosis\ISIC_0012358.jpg,1.419262170791626,0.1558065414428711,4.10770320892334
528,C://Users//Sahan//ipthw//dermatologist-ai//data//test//seborrheic_keratosis\ISIC_0012364.jpg,0.41066524386405945,0.09132570773363113,23.198654174804688
529,C://Users//Sahan//ipthw//dermatologist-ai//data//test//seborrheic_keratosis\ISIC_0012372.jpg,0.5575481653213501,0.13378094136714935,11.935415267944336
530,C://Users//Sahan//ipthw//dermatologist-ai//data//test//seborrheic_keratosis\ISIC_0012375.jpg,1.305435061454773,0.16345055401325226,4.2637457847595215
531,C://Users//Sahan//ipthw//dermatologist-ai//data//test//seborrheic_keratosis\ISIC_0012387.jpg,0.5124461650848389,0.13685248792171478,12.703044891357422
532,C://Users//Sahan//ipthw//dermatologist-ai//data//test//seborrheic_keratosis\ISIC_0012388.jpg,7.7052106857299805,0.13896851241588593,0.8615020513534546
533,C://Users//Sahan//ipthw//dermatologist-ai//data//test//seborrheic_keratosis\ISIC_0012414.jpg,0.5594496726989746,0.16405703127384186,9.804041862487793
534,C://Users//Sahan//ipthw//dermatologist-ai//data//test//seborrheic_keratosis\ISIC_0012428.jpg,2.728930950164795,0.18937580287456512,1.7888346910476685
535,C://Users//Sahan//ipthw//dermatologist-ai//data//test//seborrheic_keratosis\ISIC_0012432.jpg,2.5784544944763184,0.13406479358673096,2.627709150314331
536,C://Users//Sahan//ipthw//dermatologist-ai//data//test//seborrheic_keratosis\ISIC_0012447.jpg,6.253383636474609,0.17437398433685303,0.8532581925392151
537,C://Users//Sahan//ipthw//dermatologist-ai//data//test//seborrheic_keratosis\ISIC_0012448.jpg,3.056730031967163,0.15227055549621582,1.9678008556365967
538,C://Users//Sahan//ipthw//dermatologist-ai//data//test//seborrheic_keratosis\ISIC_0012510.jpg,4.759697437286377,0.1829948127269745,1.066901445388794
539,C://Users//Sahan//ipthw//dermatologist-ai//data//test//seborrheic_keratosis\ISIC_0012522.jpg,3.209127426147461,0.2429899424314499,1.1954278945922852
540,C://Users//Sahan//ipthw//dermatologist-ai//data//test//seborrheic_keratosis\ISIC_0012537.jpg,0.5930721759796143,0.15719358623027802,9.639547348022461
541,C://Users//Sahan//ipthw//dermatologist-ai//data//test//seborrheic_keratosis\ISIC_0012548.jpg,1.7889084815979004,0.1354970782995224,3.7325854301452637
542,C://Users//Sahan//ipthw//dermatologist-ai//data//test//seborrheic_keratosis\ISIC_0012705.jpg,0.8621028065681458,0.1324218213558197,7.843480110168457
543,C://Users//Sahan//ipthw//dermatologist-ai//data//test//seborrheic_keratosis\ISIC_0012757.jpg,2.381122350692749,0.17523324489593506,2.202491044998169
544,C://Users//Sahan//ipthw//dermatologist-ai//data//test//seborrheic_keratosis\ISIC_0012786.jpg,11.951863288879395,0.14577512443065643,0.5336031913757324
545,C://Users//Sahan//ipthw//dermatologist-ai//data//test//seborrheic_keratosis\ISIC_0012848.jpg,11.14116382598877,0.12167059630155563,0.6793801784515381
546,C://Users//Sahan//ipthw//dermatologist-ai//data//test//seborrheic_keratosis\ISIC_0012852.jpg,0.5090243220329285,0.15086813271045685,11.65512466430664
547,C://Users//Sahan//ipthw//dermatologist-ai//data//test//seborrheic_keratosis\ISIC_0012928.jpg,5.253851890563965,0.14156512916088104,1.2358007431030273
548,C://Users//Sahan//ipthw//dermatologist-ai//data//test//seborrheic_keratosis\ISIC_0012955.jpg,10.310006141662598,0.1380719095468521,0.6504896283149719
549,C://Users//Sahan//ipthw//dermatologist-ai//data//test//seborrheic_keratosis\ISIC_0012974.jpg,0.8794902563095093,0.17053323984146118,6.044424057006836
550,C://Users//Sahan//ipthw//dermatologist-ai//data//test//seborrheic_keratosis\ISIC_0013030.jpg,0.9172399044036865,0.15791168808937073,6.2425007820129395
551,C://Users//Sahan//ipthw//dermatologist-ai//data//test//seborrheic_keratosis\ISIC_0013035.jpg,1.6187430620193481,0.17783571779727936,3.181580066680908
552,C://Users//Sahan//ipthw//dermatologist-ai//data//test//seborrheic_keratosis\ISIC_0013085.jpg,0.8667981624603271,0.1703050583600998,6.139395236968994
553,C://Users//Sahan//ipthw//dermatologist-ai//data//test//seborrheic_keratosis\ISIC_0013169.jpg,2.6822924613952637,0.13070371747016907,2.589186191558838
554,C://Users//Sahan//ipthw//dermatologist-ai//data//test//seborrheic_keratosis\ISIC_0013170.jpg,18.217811584472656,0.1019340381026268,0.4946785569190979
555,C://Users//Sahan//ipthw//dermatologist-ai//data//test//seborrheic_keratosis\ISIC_0013203.jpg,0.5741872787475586,0.15770670771598816,9.91967487335205
556,C://Users//Sahan//ipthw//dermatologist-ai//data//test//seborrheic_keratosis\ISIC_0013270.jpg,1.4307060241699219,0.727487325668335,0.8993560671806335
557,C://Users//Sahan//ipthw//dermatologist-ai//data//test//seborrheic_keratosis\ISIC_0013271.jpg,1.7554489374160767,0.1363871991634369,3.7765955924987793
558,C://Users//Sahan//ipthw//dermatologist-ai//data//test//seborrheic_keratosis\ISIC_0013281.jpg,1.2007153034210205,0.13203808665275574,5.667946815490723
559,C://Users//Sahan//ipthw//dermatologist-ai//data//test//seborrheic_keratosis\ISIC_0013319.jpg,3.8872358798980713,0.1604335606098175,1.4762845039367676
560,C://Users//Sahan//ipthw//dermatologist-ai//data//test//seborrheic_keratosis\ISIC_0013393.jpg,1.6587352752685547,0.19486045837402344,2.8386247158050537
561,C://Users//Sahan//ipthw//dermatologist-ai//data//test//seborrheic_keratosis\ISIC_0013465.jpg,3.0557000637054443,0.2936362326145172,1.0393280982971191
562,C://Users//Sahan//ipthw//dermatologist-ai//data//test//seborrheic_keratosis\ISIC_0013673.jpg,4.972926616668701,0.1692386418581009,1.1006708145141602
563,C://Users//Sahan//ipthw//dermatologist-ai//data//test//seborrheic_keratosis\ISIC_0013708.jpg,0.7149810194969177,0.1607951670885086,7.8414306640625
564,C://Users//Sahan//ipthw//dermatologist-ai//data//test//seborrheic_keratosis\ISIC_0013764.jpg,15.3257417678833,0.08847793191671371,0.6714472770690918
565,C://Users//Sahan//ipthw//dermatologist-ai//data//test//seborrheic_keratosis\ISIC_0013977.jpg,1.2154831886291504,0.21180692315101624,3.5582387447357178
566,C://Users//Sahan//ipthw//dermatologist-ai//data//test//seborrheic_keratosis\ISIC_0014006.jpg,1.709244966506958,0.1458583027124405,3.6374998092651367
567,C://Users//Sahan//ipthw//dermatologist-ai//data//test//seborrheic_keratosis\ISIC_0014177.jpg,16.13498878479004,0.13521482050418854,0.42607641220092773
568,C://Users//Sahan//ipthw//dermatologist-ai//data//test//seborrheic_keratosis\ISIC_0014251.jpg,4.9344258308410645,0.24513880908489227,0.7783240079879761
569,C://Users//Sahan//ipthw//dermatologist-ai//data//test//seborrheic_keratosis\ISIC_0014278.jpg,1.2120249271392822,0.24862293899059296,3.0655272006988525
570,C://Users//Sahan//ipthw//dermatologist-ai//data//test//seborrheic_keratosis\ISIC_0014386.jpg,27.68398094177246,0.08810490369796753,0.3759516179561615
571,C://Users//Sahan//ipthw//dermatologist-ai//data//test//seborrheic_keratosis\ISIC_0014392.jpg,28.92097282409668,0.06968352198600769,0.4502447843551636
572,C://Users//Sahan//ipthw//dermatologist-ai//data//test//seborrheic_keratosis\ISIC_0014409.jpg,1.0693618059158325,0.1573709398508072,5.379788398742676
573,C://Users//Sahan//ipthw//dermatologist-ai//data//test//seborrheic_keratosis\ISIC_0014419.jpg,1.863953709602356,0.22419923543930054,2.2119743824005127
574,C://Users//Sahan//ipthw//dermatologist-ai//data//test//seborrheic_keratosis\ISIC_0014457.jpg,1.0357956886291504,0.17322468757629395,5.0679545402526855
575,C://Users//Sahan//ipthw//dermatologist-ai//data//test//seborrheic_keratosis\ISIC_0014474.jpg,1.3723403215408325,0.19456416368484497,3.4377169609069824
576,C://Users//Sahan//ipthw//dermatologist-ai//data//test//seborrheic_keratosis\ISIC_0014500.jpg,2.4849538803100586,0.19226832687854767,1.9338736534118652
577,C://Users//Sahan//ipthw//dermatologist-ai//data//test//seborrheic_keratosis\ISIC_0014503.jpg,7.0123724937438965,0.14783771336078644,0.8912713527679443
578,C://Users//Sahan//ipthw//dermatologist-ai//data//test//seborrheic_keratosis\ISIC_0014567.jpg,0.8840638995170593,0.1360793262720108,7.455022811889648
579,C://Users//Sahan//ipthw//dermatologist-ai//data//test//seborrheic_keratosis\ISIC_0014574.jpg,0.46367722749710083,0.13687658309936523,14.015336990356445
580,C://Users//Sahan//ipthw//dermatologist-ai//data//test//seborrheic_keratosis\ISIC_0014575.jpg,0.47441816329956055,0.14227715134620667,13.208894729614258
581,C://Users//Sahan//ipthw//dermatologist-ai//data//test//seborrheic_keratosis\ISIC_0014586.jpg,88.26227569580078,0.04049606993794441,0.2507874369621277
582,C://Users//Sahan//ipthw//dermatologist-ai//data//test//seborrheic_keratosis\ISIC_0014587.jpg,12.311062812805176,0.12380040436983109,0.6055276393890381
583,C://Users//Sahan//ipthw//dermatologist-ai//data//test//seborrheic_keratosis\ISIC_0014588.jpg,0.6459199786186218,0.12959659099578857,10.646445274353027
584,C://Users//Sahan//ipthw//dermatologist-ai//data//test//seborrheic_keratosis\ISIC_0014590.jpg,0.5088511109352112,0.12747986614704132,13.682647705078125
585,C://Users//Sahan//ipthw//dermatologist-ai//data//test//seborrheic_keratosis\ISIC_0014600.jpg,0.5639137029647827,0.09167545288801193,16.894868850708008
586,C://Users//Sahan//ipthw//dermatologist-ai//data//test//seborrheic_keratosis\ISIC_0014619.jpg,0.5357401967048645,0.1352728307247162,12.293068885803223
587,C://Users//Sahan//ipthw//dermatologist-ai//data//test//seborrheic_keratosis\ISIC_0014626.jpg,1.6252490282058716,0.1765398383140564,3.191551923751831
588,C://Users//Sahan//ipthw//dermatologist-ai//data//test//seborrheic_keratosis\ISIC_0014627.jpg,0.5865594148635864,0.15084604918956757,10.134263038635254
589,C://Users//Sahan//ipthw//dermatologist-ai//data//test//seborrheic_keratosis\ISIC_0014629.jpg,0.5891857743263245,0.14368845522403717,10.569841384887695
590,C://Users//Sahan//ipthw//dermatologist-ai//data//test//seborrheic_keratosis\ISIC_0014631.jpg,0.5650085806846619,0.1355103999376297,11.64615249633789
591,C://Users//Sahan//ipthw//dermatologist-ai//data//test//seborrheic_keratosis\ISIC_0014634.jpg,0.8745846748352051,0.13570691645145416,7.556218147277832
592,C://Users//Sahan//ipthw//dermatologist-ai//data//test//seborrheic_keratosis\ISIC_0014643.jpg,0.7792249917984009,0.14531417191028595,7.933119773864746
593,C://Users//Sahan//ipthw//dermatologist-ai//data//test//seborrheic_keratosis\ISIC_0014644.jpg,0.4050002694129944,0.0844293162226677,25.341625213623047
594,C://Users//Sahan//ipthw//dermatologist-ai//data//test//seborrheic_keratosis\ISIC_0014645.jpg,0.5251718163490295,0.11221735924482346,14.973430633544922
595,C://Users//Sahan//ipthw//dermatologist-ai//data//test//seborrheic_keratosis\ISIC_0014647.jpg,0.9226894378662109,0.1238156110048294,7.82100248336792
596,C://Users//Sahan//ipthw//dermatologist-ai//data//test//seborrheic_keratosis\ISIC_0014648.jpg,1.3057384490966797,0.1408018320798874,4.910798072814941
597,C://Users//Sahan//ipthw//dermatologist-ai//data//test//seborrheic_keratosis\ISIC_0014649.jpg,0.6536661386489868,0.16165722906589508,8.522457122802734
598,C://Users//Sahan//ipthw//dermatologist-ai//data//test//seborrheic_keratosis\ISIC_0014652.jpg,4.27484130859375,0.14509685337543488,1.4792940616607666
599,C://Users//Sahan//ipthw//dermatologist-ai//data//test//seborrheic_keratosis\ISIC_0014653.jpg,1.8551592826843262,0.18385334312915802,2.672694444656372
